Province,Year,GDP,ID,"Energy consumption (10,000 tons of standard coal)","Coal consumption (10,000 tons)","Coke consumption (10,000 tons)","Crude oil consumption (10,000 tons)","Gasoline consumption (10,000 tons)","Kerosene consumption (10,000 tons)","Diesel consumption (10,000 tons)","Fuel oil consumption (10,000 tons)","Liquefied petroleum gas consumption (10,000 tons)",Natural gas consumption (billion cubic meters),"Carbon emissions (10,000 tons)",Carbon Emissions per GDP
Beijing,2022,41540.9,1,6896.887571,79.29,0.0,774.92,374.82,330.32,125.71,0.2,17.14,197.95,9307.398652,0.02240538517942558
Tianjin,2022,16132.2,2,8121.77,3314.72,704.72,1660.88,269.19,75.62,340.15,52.08,19.73,127.52,18383.40502,0.1139547304149465
Hebei,2022,41988.0,3,32538.48,24815.22,8342.58,2184.52,479.54,10.03,458.13,179.64,144.5,188.02,85552.32565,0.20375422894636563
Shanxi,2022,25583.9,4,19582.61965,121625.2,2752.44,0.0,228.57,22.83,416.48,1.62,12.41,99.46,243218.4709,0.9506700342793709
Inner Mongolia,2022,23388.9,5,27680.57334,58792.04,2625.18,344.84,351.62,24.83,617.5,0.72,36.14,90.56,125360.6959,0.5359837183450269
Liaoning,2022,28826.1,6,25911.61869,15732.2,3387.93,9752.73,815.75,26.0,981.16,188.34,10.07,79.0,76881.46634,0.2667078319300911
Jilin,2022,12818.1,7,7392.950009,7809.19,628.67,953.76,88.47,31.73,242.96,22.27,0.19,37.14,21499.65638,0.16772888634040925
Heilongjiang,2022,15831.5,8,12035.0,15594.34,386.76,1701.68,512.01,41.14,421.87,20.14,2.69,55.2,40073.35213,0.25312416467169885
Shanghai,2022,44809.1,9,10951.01,3856.82,618.88,2096.48,396.7,373.19,391.25,608.32,2.57,95.0,22922.53278,0.0511559767547217
Jiangsu,2022,122089.3,10,35823.95,24804.29,4460.07,3991.61,976.53,77.47,960.27,139.52,33.22,305.34,85159.84421,0.06975209474540356
Zhejiang,2022,78060.6,11,29112.3,16145.79,292.63,6753.78,882.69,115.31,686.52,211.44,56.92,172.03,61539.47844,0.07883551809747812
Anhui,2022,44607.7,12,15882.66,19911.05,1276.05,579.56,599.57,7.16,724.25,24.6,5.58,78.2,49041.23545,0.10993894652716908
Fujian,2022,51765.1,13,15784.16456,9538.63,990.44,2580.98,502.06,89.96,412.45,196.92,10.95,55.41,33628.61416,0.0649638736523256
Jiangxi,2022,31213.8,14,10785.69,7445.6,954.65,719.55,384.77,10.83,431.06,8.05,18.29,39.03,22471.62088,0.0719925830241752
Shandong,2022,87576.9,15,48166.85169,40014.17,3791.19,13486.09,854.17,57.73,1365.84,1840.5,36.6,213.39,145086.2099,0.16566721350036365
Henan,2022,58220.1,16,24371.28583,24295.84,1582.44,875.7,800.83,95.65,1170.07,50.64,19.85,123.49,62486.61853,0.10732825695936626
Hubei,2022,52741.7,17,18627.0,11648.56,1178.61,1466.38,881.56,107.05,1019.54,80.58,14.2,67.59,37755.23767,0.07158517391362053
Hunan,2022,47558.6,18,17027.69246,8257.94,1008.45,829.48,1042.57,68.68,1058.36,103.6,46.5,45.73,29077.71137,0.061140806016156915
Guangdong,2022,129513.6,19,36519.05,18628.88,1075.28,6634.04,1031.4,334.89,1098.04,533.65,297.64,295.69,74950.17275,0.057870503754045906
Guangxi,2022,26186.1,20,13207.1,8080.57,1502.93,1594.58,329.79,22.36,510.77,24.97,7.98,33.22,27906.19144,0.10656871943512015
Hainan,2022,6889.6,21,2424.0,1138.74,0.03,905.87,123.65,66.08,92.66,64.14,4.44,58.18,7223.301781,0.10484355813109615
Chongqing,2022,28576.1,22,8022.76,4789.38,363.26,,384.01,63.0,334.46,11.57,10.26,130.23,15373.56493,0.0537986811706286
Sichuan,2022,56610.2,23,22545.02346,7622.39,1117.54,1008.78,985.82,167.49,955.19,25.84,93.88,275.9,33413.12121,0.05902314637644806
Guizhou,2022,20010.4,24,10980.6384,14059.6,269.86,,605.59,32.34,732.52,0.69,6.6,53.93,32814.91808,0.16398931595570304
Yunnan,2022,28556.1,25,14158.53445,7860.79,1121.45,1003.31,499.8,63.81,644.95,0.11,11.23,23.93,25379.68087,0.08887656532229542
Shaanxi,2022,32838.2,27,16099.28057,29067.93,866.21,1925.92,288.59,43.31,325.8,7.6,100.38,147.95,69050.07552,0.21027363107600294
Gansu,2022,11121.4,28,8667.89,8731.79,613.78,1471.87,191.13,7.53,290.16,1.4,3.81,39.01,25133.85929,0.22599546181236174
Qinghai,2022,3623.3,29,4798.039998,1723.87,245.6,152.44,76.5,0.59,172.87,0.19,0.07,44.67,6166.197714,0.17018181530648854
Ningxia,2022,5104.6,30,8679.0,16307.45,841.95,459.84,18.85,0.15,115.13,134.57,1.13,26.67,36205.61453,0.7092742728127571
Xinjiang,2022,18042.7,31,20723.15237,29942.69,1013.62,2529.3,237.77,50.87,544.49,0.8,0.82,156.63,73364.88943,0.4066181304904476
Beijing,2021,41045.6,1,7103.0,130.78,0.0,776.43,480.02,496.28,130.68,0.61,20.42,189.96,10072.47766,0.024539725719687374
Tianjin,2021,15685.1,2,8205.69,3428.78,752.06,1722.47,291.12,93.83,338.18,47.23,15.14,123.45,18916.94792,0.12060457325742263
Hebei,2021,40397.1,3,32590.1,24588.54,8464.94,2115.58,559.64,10.44,490.67,96.16,158.57,154.24,84647.82517,0.20953936091947195
Shanxi,2021,22870.4,4,21643.94,113548.72,2809.89,0.0,221.12,38.19,406.05,1.55,10.95,96.74,227963.7766,0.9967633998530853
Inner Mongolia,2021,21166.0,5,26900.46,57480.44,2454.94,402.03,406.45,38.76,483.41,2.04,35.83,77.96,122072.1189,0.5767368369082491
Liaoning,2021,27569.5,6,24930.8,16403.27,3405.54,10412.73,824.65,34.48,1059.73,178.24,5.63,81.27,80498.51902,0.2919839642358404
Jilin,2021,13163.8,7,7287.6,8282.83,674.12,828.91,163.61,32.73,398.38,25.76,0.84,35.42,22832.52913,0.1734493773074644
Heilongjiang,2021,14858.2,8,12191.6,15750.99,380.71,1758.5,501.69,53.03,381.08,71.28,4.36,49.74,40454.24306,0.2722688014698954
Shanghai,2021,43653.2,9,11683.02,4003.15,616.35,2282.38,484.99,552.69,463.1,647.02,4.38,97.75,24965.17895,0.0571898026948769
Jiangsu,2021,117392.4,10,34679.94,24547.21,4403.65,4020.0,992.99,115.66,946.18,141.59,51.47,295.82,84572.78385,0.07204281013932759
Zhejiang,2021,74040.8,11,26623.7,15429.95,285.53,5636.97,878.65,155.23,698.76,260.63,67.77,170.53,57089.81462,0.07710588570085682
Anhui,2021,42565.2,12,15342.63,18897.66,1362.69,752.66,698.65,12.37,722.77,22.65,5.73,60.19,47791.93407,0.11227935982915621
Fujian,2021,49566.1,13,15157.51,9946.32,858.85,2839.74,540.19,117.24,429.63,189.03,10.81,60.04,35130.12925,0.07087531447904918
Jiangxi,2021,29827.8,14,10345.5,7017.81,942.79,667.23,416.93,17.35,436.67,10.99,17.0,35.25,21521.46892,0.07215238441990357
Shandong,2021,82875.2,15,44611.1,39997.2,4387.77,14875.64,738.35,103.38,1318.37,1790.56,50.06,226.8,150782.2928,0.18193897909145315
Henan,2021,58071.4,16,23501.0,22421.79,1582.19,922.74,775.89,89.78,1121.34,6.8,15.23,117.16,58534.79889,0.1007979812609994
Hubei,2021,50091.2,17,18191.59631,10623.82,1077.32,1611.75,970.37,80.76,1025.97,125.51,2.64,70.64,36330.3338,0.07252837584246334
Hunan,2021,45713.5,18,16909.32717,8291.42,1007.87,809.86,1015.49,103.11,1034.88,105.42,53.94,41.16,28962.46055,0.06335647139247706
Guangdong,2021,124719.5,19,36821.42,18962.99,932.44,6783.97,1269.76,365.16,1363.02,605.11,402.31,285.46,77568.5568,0.06219440969535639
Guangxi,2021,25209.1,20,13189.02,7857.73,1580.09,1698.17,305.09,23.53,452.77,33.75,6.09,41.0,27958.25255,0.11090539745568069
Hainan,2021,6504.1,21,2446.19,1133.02,0.03,1137.51,123.99,112.14,92.72,40.42,5.31,54.9,7908.682926,0.12159534641226304
Chongqing,2021,28077.3,22,8046.31,4503.11,341.33,0.0,416.25,73.99,390.94,13.19,11.36,130.22,15077.50457,0.05369998030437399
Sichuan,2021,54088.0,23,22569.4,7675.75,1188.62,1024.84,934.8,169.26,925.67,52.36,80.01,274.38,33539.3755,0.062008903083863344
Guizhou,2021,19458.6,24,11263.82,14372.19,263.43,0.0,596.6,49.8,728.78,0.81,7.94,48.08,33283.40574,0.17104727852980176
Yunnan,2021,27161.6,25,13426.35,7926.43,1180.27,976.39,520.09,92.76,669.95,0.04,6.76,21.14,25741.06705,0.09477006895764609
Shaanxi,2021,30121.7,27,14515.23,27477.13,766.45,1856.17,297.26,82.89,318.15,6.91,101.68,119.38,65036.29169,0.21591175693934936
Gansu,2021,10225.5,28,8434.23,8022.49,595.19,1487.54,223.71,7.53,249.14,1.67,3.69,37.49,23716.05379,0.23193050501197987
Qinghai,2021,3385.1,29,4694.47,1667.77,277.75,143.47,81.95,0.6,167.71,0.17,0.1,51.43,6270.652939,0.18524276798322056
Ningxia,2021,4588.2,30,8047.9,15181.0,820.95,556.71,21.05,0.05,121.48,143.17,1.01,28.37,34387.00261,0.7494660784185521
Xinjiang,2021,16311.6,31,19852.47618,29160.52,1054.12,2529.32,289.94,48.03,519.41,0.52,0.78,153.07,71982.83747,0.44129844693347064
Beijing,2020,35943.3,1,6762.0,134.98,0.01,781.77,423.06,457.88,112.55,0.27,19.0,189.12,9734.339845,0.027082487821096006
Tianjin,2020,14008.0,2,8104.6,3745.28,929.37,1394.16,284.73,85.32,325.05,52.61,16.56,117.03,18831.65775,0.13443502105939464
Hebei,2020,36013.8,3,32783.0,28176.87,9609.9,2115.58,420.13,13.64,452.51,93.5,155.33,154.24,94206.71557,0.26158504675985317
Shanxi,2020,17835.6,4,20980.55,53739.03,2698.99,0.0,227.24,40.31,399.28,0.97,9.54,93.41,113915.3291,0.6386963662562516
Inner Mongolia,2020,17258.0,5,27133.65,51818.89,2617.17,414.72,364.96,34.37,444.25,1.54,75.13,69.9,111506.0183,0.6461120541198284
Liaoning,2020,25011.4,6,24849.5,19068.0,3496.78,10289.53,797.39,33.51,1007.1,212.76,7.55,72.7,85135.85184,0.3403881903452026
Jilin,2020,12256.0,7,7185.7,8489.19,669.56,970.25,174.35,28.35,341.79,32.52,0.43,31.67,23420.61584,0.19109510313315928
Heilongjiang,2020,13633.4,8,11525.1,13964.33,383.9,1685.99,401.14,52.1,397.17,24.56,2.38,46.68,36381.43072,0.2668551551337157
Shanghai,2020,38963.3,9,11099.59,4168.01,631.9,2500.41,465.49,500.57,441.7,640.36,4.4,94.23,25603.65826,0.06571224270018197
Jiangsu,2020,102807.7,10,32672.49,24141.74,4485.53,4017.88,1104.53,106.68,900.78,160.37,51.18,273.32,83760.91911,0.08147339071878858
Zhejiang,2020,64689.1,11,24660.0,13131.53,312.48,5082.69,834.57,145.77,703.26,456.38,65.08,133.5,50794.12332,0.07852037409702717
Anhui,2020,38061.5,12,14697.9,16887.03,1321.0,711.03,689.7,11.65,649.37,20.22,4.43,66.52,43595.6816,0.11454010377940964
Fujian,2020,43608.6,13,13905.19,8960.56,878.05,2528.74,530.9,123.51,406.41,163.18,7.54,51.14,32007.73746,0.07339776434006137
Jiangxi,2020,25782.0,14,9808.6,7976.57,961.92,702.48,387.3,14.19,532.68,9.74,11.65,26.2,23489.37232,0.09110764223101389
Shandong,2020,72798.2,15,42132.9,38790.28,4775.91,14708.95,673.58,100.8,1179.73,2260.34,53.85,214.13,149698.4755,0.205634858416829
Henan,2020,54259.4,16,22752.0,20004.87,1481.35,890.73,762.26,95.14,1026.1,4.91,13.83,106.1,52988.7779,0.09765824520728206
Hubei,2020,43004.5,17,16251.46,10371.44,1114.11,2091.04,420.13,13.64,452.51,93.5,2.92,61.0,33506.87911,0.0779148207978235
Hunan,2020,41542.6,18,16274.6171,10199.62,1001.52,1274.87,833.05,87.93,928.79,109.37,44.06,34.13,32896.85942,0.07918825355177578
Guangdong,2020,111151.6,19,34502.92,16514.14,1011.69,6249.93,1506.78,280.06,1541.48,502.81,447.71,212.58,70757.94962,0.06365895733394751
Guangxi,2020,22120.9,20,12081.05,8496.71,1413.42,1276.2,286.16,20.27,435.86,19.96,3.88,31.52,27048.15373,0.12227420100447993
Hainan,2020,5566.2,21,2270.64,1023.84,0.03,1135.06,112.31,106.05,88.17,35.15,10.09,48.64,7489.916402,0.13456067697890842
Chongqing,2020,25041.4,22,7621.87,4995.54,323.46,0.0,410.27,86.32,387.07,12.69,11.84,103.31,15387.94453,0.06145001689202681
Sichuan,2020,48501.6,23,21185.9,7501.62,1215.66,955.15,955.15,897.18,160.07,898.65,81.32,250.59,35138.08433,0.072447268399393
Guizhou,2020,17860.4,24,10621.44,11658.89,248.69,0.0,484.53,49.45,598.02,0.5,8.58,39.11,27158.51859,0.15205996836577007
Yunnan,2020,24555.7,25,12981.94,8201.22,1216.96,1027.62,467.21,94.56,672.61,0.01,8.46,18.7,26334.33072,0.10724324991753444
Shaanxi,2020,26014.1,27,13512.26,22594.58,796.68,1843.68,288.73,83.2,308.47,6.57,94.53,101.6,55345.0527,0.21275021123160134
Gansu,2020,8979.7,28,8104.71,7245.45,582.27,1483.92,209.57,7.6,281.55,2.23,3.29,35.38,22205.65871,0.24728731149147523
Qinghai,2020,3009.8,29,4150.36,1396.38,231.98,152.43,152.43,74.76,0.55,154.26,0.08,46.09,5937.241118,0.19726364270051167
Ningxia,2020,3956.3,30,7933.0,14628.85,764.82,380.97,20.88,0.01,115.94,155.98,1.18,29.39,32691.9119,0.8263254025225589
Xinjiang,2020,13800.7,31,18981.8,25504.36,1018.67,2471.55,257.1,51.03,505.34,0.69,0.44,138.55,64314.12646,0.466020755903686
Beijing,2019,35445.1,1,7360.0,182.8,0.0,936.99,500.9,697.8,161.87,0.48,49.43,189.4,11499.50664,0.032443149095361556
Tianjin,2019,14055.5,2,8241.0,3766.11,903.99,1693.35,284.46,110.58,316.92,50.0,67.23,110.61,19762.57327,0.14060384383337482
Hebei,2019,34978.6,3,32545.0,28738.44,9371.81,2177.54,423.19,32.17,464.49,103.77,38.42,165.48,94794.99292,0.2710085392783016
Shanxi,2019,16961.6,4,20859.0,51331.61,2526.53,0.0,247.64,45.69,500.2,0.48,6.94,91.7,109188.9581,0.6437420886001322
Inner Mongolia,2019,17212.5,5,25346.0,49035.95,2378.28,428.71,367.7,50.03,451.65,1.25,54.66,64.18,105466.6316,0.6127327907044299
Liaoning,2019,24855.3,6,23749.0,18710.78,3348.65,9894.5,880.13,52.78,1044.87,221.12,210.23,75.01,83962.41717,0.3378048833447997
Jilin,2019,11726.8,7,7132.0,8730.65,662.31,1035.48,182.71,33.68,346.18,28.15,26.96,30.17,24145.83201,0.20590299152368932
Heilongjiang,2019,13544.4,8,11614.0,14142.64,373.82,1534.76,430.27,69.77,392.18,20.95,108.16,44.37,36624.42839,0.27040273758896666
Shanghai,2019,37987.6,9,11696.0,4238.28,634.82,2597.22,493.87,753.68,449.3,658.32,96.62,99.4,27363.14474,0.07203178073897798
Jiangsu,2019,98656.8,10,32526.0,24902.05,4953.14,4121.21,1085.87,132.85,887.19,159.03,86.76,288.06,87262.48594,0.0884505537783508
Zhejiang,2019,62462.0,11,22393.0,13676.9,302.02,3472.3,789.2,176.37,730.48,303.79,266.34,147.2,47416.69241,0.075912862876629
Anhui,2019,36845.5,12,13870.0,16699.74,1161.43,658.92,655.95,16.59,689.1,21.49,70.55,59.64,42725.47502,0.11595846173888262
Fujian,2019,42326.6,13,13718.0,8718.32,871.35,2559.36,562.43,171.78,453.58,180.18,57.49,52.77,32248.78746,0.0761903565606498
Jiangxi,2019,24667.3,14,9665.0,7995.94,939.44,787.96,405.37,19.32,598.82,12.25,82.12,26.96,24236.09783,0.0982519279775249
Shandong,2019,70540.5,15,41390.0,43132.99,3619.44,13632.1,707.02,125.92,1335.92,2096.32,221.08,189.98,151523.5274,0.21480359141202574
Henan,2019,53717.8,16,22300.0,20045.45,1431.96,799.61,769.77,92.65,1007.54,9.77,219.61,109.34,53330.08061,0.09927822920894006
Hubei,2019,45429.0,17,17316.0,11768.33,1115.52,1516.49,864.59,128.47,976.32,148.83,204.75,68.46,38661.37346,0.08510284941337032
Hunan,2019,39894.1,18,16001.0,10664.02,982.53,935.12,819.89,65.03,672.61,83.05,114.61,32.9,31906.85056,0.07997887045954163
Guangdong,2019,107986.9,19,34142.0,16833.87,985.06,5632.08,1561.02,313.11,1672.22,346.25,911.07,206.18,70888.04607,0.0656450421949329
Guangxi,2019,21237.1,20,11270.0,8021.91,1079.35,1637.82,256.68,46.36,487.19,17.99,83.26,27.86,26594.68972,0.1252275014950252
Hainan,2019,5330.8,21,2264.0,1130.39,0.03,1138.16,107.6,131.04,87.76,6.25,28.55,46.15,7673.780486,0.14395176119906955
Chongqing,2019,23605.8,22,8889.0,5022.94,306.43,0.0,400.08,102.14,407.02,18.42,28.22,103.51,15544.31619,0.06584956320056935
Sichuan,2019,46363.8,23,20791.0,7713.47,1302.68,1010.17,916.97,214.2,912.92,50.06,54.57,254.38,33418.3633,0.07207856840897424
Guizhou,2019,16769.3,24,10423.0,12204.17,223.81,0.0,465.68,59.12,583.44,0.16,24.02,36.76,28048.44703,0.16726069084577175
Yunnan,2019,23223.8,25,12158.0,7532.73,1120.29,1086.58,467.34,127.65,673.37,0.23,86.84,16.47,25263.71209,0.10878371364720675
Shaanxi,2019,25793.2,27,13478.0,21548.81,750.78,1837.74,305.88,91.12,377.11,8.51,33.16,122.86,53770.62987,0.20846823918707255
Gansu,2019,8718.3,28,7818.0,6810.16,525.68,1479.96,208.78,10.49,281.82,3.47,23.98,32.93,21227.02288,0.24347662824174438
Qinghai,2019,2941.1,29,4235.0,1541.92,236.06,156.45,66.78,0.02,169.08,0.2,10.09,52.12,5955.565955,0.20249450732719051
Ningxia,2019,3748.5,30,7648.0,13724.01,626.57,459.61,19.63,0.01,120.58,141.05,110.26,25.35,31028.74546,0.8277643179938642
Xinjiang,2019,13597.1,31,18490.0,23702.13,1016.41,2376.51,307.42,61.44,591.8,0.76,39.2,131.09,61001.25188,0.4486342814276574
Beijing,2018,33106.0,1,7270.0,276.19,0.01,911.78,493.6,691.03,178.78,1.54,36.09,187.88,11540.56099,0.03485942424333958
Tianjin,2018,13362.9,2,7973.0,3832.89,867.23,1688.23,273.65,108.92,326.06,46.99,63.75,104.03,19597.90803,0.14665909368475405
Hebei,2018,32494.6,3,32185.0,29593.75,9341.63,1704.43,489.83,27.65,441.96,121.36,60.97,133.07,94441.6755,0.29063806140097126
Shanxi,2018,15958.1,4,20199.0,48940.14,2385.72,0.0,235.24,36.26,489.26,0.54,9.72,75.21,103795.3409,0.6504241789436085
Inner Mongolia,2018,16140.8,5,23068.0,44138.47,2125.06,362.35,352.99,46.85,430.53,2.54,55.51,61.97,95076.15613,0.5890424026690128
Liaoning,2018,23510.5,6,22321.0,17904.4,3279.64,8202.5,856.85,51.48,1040.93,216.88,241.65,73.16,77082.24136,0.32786304570298375
Jilin,2018,11253.8,7,7000.0,8553.18,592.83,935.8,204.68,32.58,364.61,25.79,36.51,29.71,23438.97213,0.20827606790595177
Heilongjiang,2018,12846.5,8,11436.0,13370.83,327.74,1552.63,393.15,64.01,353.08,43.11,106.63,43.84,34887.06244,0.27156861744444016
Shanghai,2018,36011.8,9,11454.0,4420.62,621.28,2309.12,494.01,701.64,439.49,658.22,104.99,93.49,26511.63759,0.07361930697715749
Jiangsu,2018,93207.6,10,31635.0,25407.28,4052.63,4067.87,1073.12,113.23,881.47,247.11,98.32,276.21,85430.7278,0.09165639690325682
Zhejiang,2018,58002.8,11,21675.0,14180.08,323.05,2769.88,862.2,163.65,761.97,304.08,297.98,134.91,46417.53669,0.0800263723303013
Anhui,2018,34010.9,12,13295.0,16673.06,1104.44,728.34,626.42,15.48,653.4,22.14,93.52,53.01,42451.11815,0.1248162152427604
Fujian,2018,38687.8,13,13131.0,8558.85,781.86,2144.17,547.86,165.3,438.9,176.13,57.94,51.92,30298.34821,0.07831499389988575
Jiangxi,2018,22716.5,14,9286.0,7877.77,918.13,768.0,374.5,17.93,588.21,11.74,78.75,25.93,23728.61955,0.10445543789756345
Shandong,2018,66648.9,15,40581.0,42319.48,3509.52,13035.48,690.08,120.27,1273.74,2376.4,191.56,156.33,147672.3053,0.22156750569026648
Henan,2018,49935.9,16,22659.0,22332.79,1423.42,828.75,761.76,81.89,993.8,31.68,219.11,106.31,57644.35225,0.11543669434214664
Hubei,2018,42022.0,17,16682.0,11100.11,1131.7,1420.68,784.54,116.26,895.35,129.43,195.41,62.7,36411.68921,0.08664911048974346
Hunan,2018,36329.7,18,15544.0,10922.31,970.67,949.7,718.92,63.17,649.29,90.44,111.73,30.47,31996.62224,0.08807290519877677
Guangdong,2018,99945.2,19,33330.0,17067.51,933.17,5920.91,1555.09,306.49,1672.51,333.77,834.85,190.64,71407.49288,0.07144664564181172
Guangxi,2018,19627.8,20,10823.0,7339.78,1023.08,1599.33,334.15,52.2,486.67,16.28,84.23,22.68,25149.43509,0.12813170650811603
Hainan,2018,4910.7,21,2170.0,1162.67,0.03,1060.85,107.58,128.16,90.04,6.01,32.48,44.27,7470.715855,0.1521313836112978
Chongqing,2018,21588.8,22,8557.0,5129.52,266.86,0.0,358.96,94.93,411.42,16.18,25.21,99.5,15402.09579,0.07134299169013562
Sichuan,2018,42902.1,23,19916.0,7495.78,1165.88,719.82,874.13,209.47,902.12,33.33,52.91,237.0,31129.39127,0.07255913176744262
Guizhou,2018,15353.2,24,10036.0,12008.04,209.54,0.0,437.87,56.68,571.07,0.4,22.33,30.82,27375.00242,0.17830160761274524
Yunnan,2018,20880.6,25,11590.0,7402.33,1064.75,1010.03,426.64,122.56,628.65,1.77,45.34,13.0,24154.14592,0.11567745141423139
Shaanxi,2018,23941.9,27,12900.0,19395.89,769.12,1864.17,298.34,77.96,400.54,28.09,33.76,105.52,49511.58753,0.2067989070625138
Gansu,2018,8104.1,28,7823.0,6819.03,476.83,1453.98,202.48,9.8,289.55,3.84,15.54,31.17,20966.04909,0.25870916067175875
Qinghai,2018,2748.0,29,4364.0,1639.64,233.12,142.51,62.08,0.02,159.36,0.18,9.09,51.25,6024.936049,0.2192480367176128
Ningxia,2018,3510.2,30,7100.0,12711.22,578.06,448.7,18.77,0.02,117.63,80.48,82.89,20.96,28548.70101,0.8133069628511196
Xinjiang,2018,12809.4,31,17694.0,21790.02,995.29,2404.54,297.83,66.3,577.68,0.48,49.47,130.85,57360.58706,0.4478007327431417
Beijing,2017,29883.0,1,7088.0,490.46,0.18,892.54,489.85,644.0,175.11,2.81,48.58,164.56,11264.39543,0.03769499524813439
Tianjin,2017,12450.6,2,7832.0,3875.61,808.7,1624.85,274.16,101.5,349.11,40.68,56.53,83.31,18880.27536,0.15164149004867236
Hebei,2017,30640.8,3,32083.0,30174.5,8700.26,1542.17,380.39,27.56,526.81,43.13,55.88,95.12,92078.21411,0.30050851841335735
Shanxi,2017,14484.3,4,19581.0,45916.08,1958.27,0.0,233.86,32.29,530.46,0.47,20.81,74.9,96965.04343,0.6694492894375289
Inner Mongolia,2017,14898.1,5,19763.0,38372.19,1669.24,452.25,357.05,42.87,439.2,3.74,54.52,52.04,82898.92207,0.5564395598767629
Liaoning,2017,21693.0,6,21365.0,17587.17,3089.27,7133.87,792.1,44.37,1032.56,304.99,232.54,62.05,72481.90432,0.3341257747660536
Jilin,2017,10922.0,7,6881.0,8270.55,476.07,1026.83,188.51,29.55,343.37,29.08,45.13,24.91,22654.03218,0.20741651876945613
Heilongjiang,2017,12313.0,8,11258.0,12891.15,214.76,1670.07,385.19,87.55,338.16,71.65,163.62,40.56,34205.055,0.2777962722325997
Shanghai,2017,32925.0,9,11382.0,4577.84,592.31,2492.77,485.18,652.3,441.49,672.44,102.57,83.23,26929.45831,0.08179030618071376
Jiangsu,2017,85869.8,10,31602.0,26620.03,4070.64,3866.06,1047.25,105.37,862.43,246.02,103.84,237.69,86199.76588,0.10038426301214165
Zhejiang,2017,52403.1,11,21030.0,14262.04,320.17,3038.65,858.97,147.81,831.97,398.32,342.6,104.93,47325.61232,0.09031071123654898
Anhui,2017,29676.2,12,13019.0,16082.22,1048.94,751.59,574.66,15.53,631.56,22.81,109.76,44.37,40886.6239,0.137775806538573
Fujian,2017,33842.4,13,12555.0,7426.08,660.1,2083.69,531.87,140.86,433.74,154.09,60.28,50.16,27377.52203,0.08089710549488216
Jiangxi,2017,20210.8,14,8972.0,7671.45,862.33,699.38,351.52,15.82,556.6,11.95,76.26,21.73,22700.37736,0.1123180545055119
Shandong,2017,63012.1,15,40098.0,42003.58,3333.6,11487.18,655.99,113.01,1320.78,4686.43,366.49,126.91,149157.3643,0.23671225732835438
Henan,2017,44824.9,16,22162.0,22976.12,1233.39,650.45,740.64,72.36,972.82,27.91,161.82,100.17,57306.91578,0.12784616536790935
Hubei,2017,37235.0,17,16180.0,10721.23,1062.32,1428.91,749.17,112.0,868.27,123.02,176.22,52.5,35017.54113,0.09404469217134415
Hunan,2017,33828.1,18,15200.0,11018.5,947.57,770.12,642.02,60.75,662.19,93.57,106.33,27.07,31298.33887,0.0925217167680124
Guangdong,2017,91648.7,19,32309.0,17172.1,940.96,5209.32,1529.91,299.89,1668.45,348.52,794.07,182.38,69115.00466,0.07541296784351552
Guangxi,2017,17790.7,20,10456.0,6617.64,1088.52,1563.03,356.97,50.95,535.01,10.45,88.65,16.76,23934.53323,0.13453396004654117
Hainan,2017,4497.5,21,2080.0,1099.34,0.02,979.99,104.5,114.68,84.67,13.99,39.67,42.98,7059.554764,0.15696619819899946
Chongqing,2017,20066.3,22,8279.0,5290.31,162.28,0.0,232.65,83.44,542.31,14.25,21.98,95.24,15301.32703,0.07625385362523236
Sichuan,2017,37905.1,23,19229.0,7815.38,1127.09,956.37,828.14,205.94,888.45,65.54,90.03,216.26,31921.64778,0.08421465127383915
Guizhou,2017,13605.4,24,9846.0,13634.1,214.9,0.0,380.41,48.57,480.92,0.32,15.16,17.73,29703.16688,0.21831895335675539
Yunnan,2017,18486.0,25,11164.0,7396.26,952.31,401.96,395.84,113.82,610.83,0.57,43.44,9.69,21731.58496,0.1175569888564319
Shaanxi,2017,21473.5,27,12549.0,20065.4,829.6,1853.57,277.42,50.0,373.81,19.46,28.94,103.16,50603.13684,0.23565388427596803
Gansu,2017,7336.7,28,7504.0,6336.36,457.89,1460.11,211.28,8.02,304.26,2.87,11.05,28.91,20013.20854,0.27278215737320594
Qinghai,2017,2465.1,29,4193.0,1747.01,219.0,152.53,60.05,0.02,152.26,0.22,10.72,49.56,6159.566912,0.24987087387935583
Ningxia,2017,3200.3,30,6461.0,11046.2,524.01,591.37,21.0,0.01,120.2,87.37,62.46,19.99,25612.94293,0.8003294356779052
Xinjiang,2017,11159.9,31,17386.0,20437.23,1003.89,2532.0,282.06,78.04,600.92,0.37,56.47,122.49,55101.28432,0.49374353103522434
Beijing,2016,27041.2,1,6917.0,847.62,0.21,821.0,470.37,594.27,172.69,4.64,49.47,162.31,11472.49499,0.04242598327736934
Tianjin,2016,11477.2,2,8078.0,4230.16,887.29,1433.6,274.79,82.02,371.76,45.33,46.82,74.53,19009.19753,0.16562574086014012
Hebei,2016,28474.1,3,31458.0,30863.5,8294.9,1761.93,434.86,11.46,503.59,53.7,85.66,80.95,92750.13616,0.3257350931548319
Shanxi,2016,11946.4,4,18974.0,43566.14,1898.1,0.0,210.29,26.96,501.11,0.6,15.92,69.35,92016.69279,0.7702462063048283
Inner Mongolia,2016,13789.3,5,19310.0,36460.55,1635.4,419.55,353.24,34.96,426.62,3.27,36.36,45.06,78787.98004,0.5713704106807451
Liaoning,2016,20392.5,6,20847.0,16943.7,2993.06,7057.0,815.49,38.99,1008.72,305.07,191.47,50.63,70356.09232,0.34500964727228145
Jilin,2016,10427.0,7,6886.0,8349.29,477.62,1051.29,175.36,20.41,348.33,38.05,48.98,23.0,22830.39824,0.2189546201208401
Heilongjiang,2016,11895.0,8,11070.0,12741.39,184.19,1861.64,333.69,78.56,354.64,94.37,124.49,38.04,34181.14491,0.28735725018915514
Shanghai,2016,29887.0,9,11242.0,4625.62,596.95,2474.23,480.82,585.82,446.28,586.96,108.07,79.04,26434.0403,0.08844661658915248
Jiangsu,2016,77350.9,10,31210.0,28048.13,3840.21,4092.04,1027.31,90.58,821.31,151.6,108.24,172.73,87015.9996,0.1124951352860794
Zhejiang,2016,47254.0,11,20276.0,13948.49,329.47,2667.35,796.92,127.4,881.91,381.29,363.78,87.79,45187.50037,0.09562682602531003
Anhui,2016,26307.7,12,12663.0,15706.17,1164.64,539.21,509.87,15.98,622.69,21.21,101.68,39.18,39503.55779,0.15015967868722846
Fujian,2016,29609.4,13,12036.0,6826.5,608.65,2089.38,494.76,124.22,429.53,178.23,62.61,48.55,25985.41457,0.08776069278675015
Jiangxi,2016,18388.6,14,8730.0,7533.19,839.82,725.75,313.63,12.48,546.71,15.05,62.48,20.04,22231.93208,0.1209006236472597
Shandong,2016,58762.5,15,40138.0,42160.4,3718.36,10203.42,654.21,115.23,1197.86,4511.2,439.79,98.61,145358.7374,0.24736649631993193
Henan,2016,40249.3,16,22323.0,23662.33,1341.97,685.33,700.29,74.0,928.12,38.66,147.0,90.38,58551.8729,0.14547302164261242
Hubei,2016,33353.0,17,15897.0,10739.77,1095.31,1239.61,743.19,96.97,865.85,117.83,164.54,41.5,34214.52678,0.10258305633676132
Hunan,2016,30853.5,18,14845.0,10768.56,960.5,841.6,575.76,55.43,712.98,94.05,99.1,26.86,30998.17614,0.10046891321892168
Guangdong,2016,82163.2,19,31211.0,16135.29,782.54,5044.45,1502.44,292.17,1676.09,456.88,758.16,167.79,66030.882,0.08036551886976165
Guangxi,2016,16116.6,20,10110.0,6403.86,1020.96,1340.43,335.03,62.51,538.43,10.54,92.52,15.37,22626.27336,0.1403911082982763
Hainan,2016,4090.2,21,1984.0,1015.31,0.0,1118.66,97.09,105.76,83.1,13.32,55.97,40.85,7267.540339,0.17768178424037945
Chongqing,2016,18023.0,22,7982.0,4854.37,384.31,0.0,219.05,80.97,514.22,13.91,21.22,89.32,14842.36673,0.0823523649225989
Sichuan,2016,33138.5,23,18756.0,8467.99,1129.38,902.77,800.62,210.0,862.64,69.61,68.13,202.69,32509.91214,0.09810314932782112
Guizhou,2016,11792.4,24,9606.0,13678.92,253.42,0.02,313.65,38.64,440.49,0.52,14.54,17.11,29533.47323,0.25044497498388796
Yunnan,2016,16369.0,25,10726.0,7481.48,907.09,0.04,391.03,102.96,610.5,1.11,42.69,7.71,20459.01364,0.12498633783371006
Shaanxi,2016,19045.8,27,12146.0,19392.24,830.38,1823.86,257.31,30.03,409.63,12.35,28.79,98.22,49098.38365,0.2577911332157221
Gansu,2016,6907.9,28,7300.0,6348.4,503.86,1367.29,210.55,8.16,305.95,3.33,11.07,26.4,19838.01634,0.28717868440481187
Qinghai,2016,2258.2,29,4101.0,1962.4,228.44,149.45,56.0,0.01,128.92,0.1,9.86,46.25,6427.820411,0.2846435395890532
Ningxia,2016,2781.4,30,5591.0,8680.01,450.61,576.35,23.19,0.02,115.4,82.15,45.26,22.4,20834.92429,0.7490804735025527
Xinjiang,2016,9630.8,31,16302.0,19245.92,801.03,2452.8,245.89,57.08,546.57,0.99,38.83,130.64,51804.13999,0.5379006935041741
Beijing,2015,24779.1,1,6803.0,1165.18,0.44,991.54,462.75,544.38,182.35,4.91,51.15,146.88,12121.17114,0.048916914415777814
Tianjin,2015,10879.5,2,8319.0,4538.83,904.69,1616.72,267.22,65.78,390.57,94.14,53.58,63.98,20133.49773,0.1850590351578657
Hebei,2015,26398.4,3,31037.0,31700.5,7905.6,1666.82,405.32,8.24,484.18,51.73,89.92,72.97,92618.07903,0.3508473204057821
Shanxi,2015,11836.4,4,19029.0,43880.62,2083.43,0.0,204.3,26.51,486.45,0.61,12.17,64.92,92972.76818,0.7854818034199587
Inner Mongolia,2015,12949.0,5,18784.0,36283.33,1532.74,383.67,305.76,32.6,475.13,10.6,11.14,39.15,77870.64349,0.6013641477334157
Liaoning,2015,20210.3,6,21362.0,17028.08,3187.56,6439.87,826.3,29.97,1109.26,246.24,198.06,55.35,69460.30023,0.3436876257650801
Jilin,2015,10018.0,7,7020.0,8632.01,532.82,960.34,167.9,22.33,343.43,30.86,51.82,20.65,23154.8289,0.2311322509482931
Heilongjiang,2015,11690.0,8,11104.0,12465.43,185.68,1637.88,409.97,68.46,563.67,114.69,142.35,35.82,33896.88636,0.28996481060735674
Shanghai,2015,26887.0,9,10931.0,4728.13,630.75,2526.11,467.04,511.45,448.87,539.72,136.17,77.41,26527.39449,0.09866253018187228
Jiangsu,2015,71255.9,10,30374.0,27209.12,3588.61,3823.2,1003.89,84.85,819.38,143.73,106.66,165.02,83601.63526,0.1173259130261494
Zhejiang,2015,43507.7,11,19610.0,13826.07,427.59,2846.84,754.05,113.52,968.37,326.26,358.92,80.35,45527.34757,0.10464204628146283
Anhui,2015,23831.2,12,12301.0,15673.49,1164.77,690.59,456.6,14.08,611.8,13.44,96.84,34.83,39570.02154,0.16604292498908993
Fujian,2015,26819.5,13,11863.0,7659.95,625.6,2164.85,465.09,111.81,445.3,174.86,63.24,45.38,27692.9327,0.103256707619456
Jiangxi,2015,16780.9,14,8423.0,7658.74,891.7,555.96,284.0,10.12,537.51,17.59,60.52,18.02,21942.14682,0.1307566746717995
Shandong,2015,55288.8,15,39332.0,43515.9,3813.46,8607.02,636.19,98.5,1191.85,3247.01,263.37,82.32,138350.2077,0.2502318872900117
Henan,2015,37084.1,16,22343.0,24253.68,1414.15,606.37,682.1,67.76,862.41,39.03,127.41,87.14,59238.49813,0.15974096211044625
Hubei,2015,30344.0,17,15477.0,11035.08,1030.01,1299.01,716.92,79.87,817.31,109.27,153.26,40.26,34400.62473,0.1133687870089639
Hunan,2015,28538.6,18,14514.0,10228.9,1145.05,878.46,514.65,51.76,686.6,92.81,93.07,26.53,30310.60014,0.10620913478586895
Guangdong,2015,74732.4,19,30117.0,16587.32,543.02,4899.6,1229.09,275.02,1587.87,403.47,736.06,145.16,63915.40092,0.08552569022271465
Guangxi,2015,14797.8,20,9806.0,6094.82,1000.12,1428.77,270.89,56.36,485.34,24.1,91.32,8.37,21763.63849,0.14707347369203533
Hainan,2015,3734.2,21,1916.0,1071.92,0.0,1116.11,89.32,85.69,93.14,31.93,59.03,45.65,7487.562696,0.2005131673718601
Chongqing,2015,16040.5,22,7747.0,5047.19,169.91,0.0,199.98,66.63,491.21,13.9,20.18,88.37,14401.41981,0.0897816141018048
Sichuan,2015,30342.0,23,18306.0,8824.34,1152.08,989.56,767.06,194.76,842.41,24.91,74.76,196.92,33061.22925,0.10896193148111527
Guizhou,2015,10541.0,24,9344.0,12956.77,310.42,0.02,290.47,31.5,453.96,0.42,14.09,13.32,28192.90407,0.26745948268665215
Yunnan,2015,14960.0,25,10425.0,7756.37,874.33,0.03,368.35,82.39,596.17,2.51,40.81,6.34,20683.8589,0.1382610889037433
Shaanxi,2015,17898.8,27,11746.0,18373.61,960.47,2101.1,243.51,34.48,409.39,13.81,22.82,92.35,48203.6306,0.2693120801394507
Gansu,2015,6556.6,28,7489.0,6585.06,590.0,1446.5,171.2,5.86,299.5,4.97,9.19,26.04,20622.94646,0.3145372061739316
Qinghai,2015,2011.0,29,4125.0,1508.12,249.21,154.33,44.96,0.01,114.53,0.03,9.12,44.38,5518.907754,0.2744359897563401
Ningxia,2015,2579.4,30,5438.0,8928.41,488.53,477.12,37.08,0.02,119.25,50.83,17.38,20.05,20931.56264,0.8114895960300845
Xinjiang,2015,9306.9,31,15666.0,18119.78,748.59,2489.49,234.82,46.93,537.18,1.76,31.37,136.82,49645.79788,0.5334300130011067
Beijing,2014,22926.0,1,6831.0,1736.54,0.64,1034.62,440.62,507.58,196.46,5.63,50.37,113.7,12487.94983,0.05447068755997558
Tianjin,2014,10640.6,2,8145.0,5027.28,954.39,1603.17,226.82,59.85,334.43,78.2,50.8,45.49,20394.04153,0.19166251461383754
Hebei,2014,25208.9,3,29320.0,29635.54,8127.2,1356.61,314.64,17.59,788.8,31.97,59.33,56.08,88574.24395,0.3513610032567863
Shanxi,2014,12094.7,4,19863.0,37587.43,2177.69,0.0,202.32,20.93,497.55,2.24,14.78,50.35,80993.41054,0.6696603515589472
Inner Mongolia,2014,12158.2,5,18309.0,36465.97,1493.66,411.36,271.66,28.36,577.25,4.92,18.01,44.53,78512.76899,0.645759808113043
Liaoning,2014,20025.7,6,21803.0,18002.27,3296.94,6364.79,704.73,29.75,1060.16,362.91,217.44,84.0,71939.39113,0.3592353382403612
Jilin,2014,9966.5,7,8560.0,10379.34,664.72,999.37,193.36,1.71,378.42,31.91,48.02,22.58,27124.29402,0.2721546583053228
Heilongjiang,2014,12170.8,8,11955.0,13595.53,194.07,2141.97,314.28,73.98,466.11,115.42,147.18,35.48,37035.53229,0.304298257222204
Shanghai,2014,25269.8,9,11085.0,4895.78,654.84,2242.07,577.03,450.72,548.41,556.15,126.89,72.43,26419.35741,0.10454913537107535
Jiangsu,2014,64830.5,10,29863.0,26912.61,3408.6,3511.4,974.61,82.77,814.06,151.78,116.11,127.7,80721.11699,0.12451102026052552
Zhejiang,2014,40023.5,11,18826.0,13824.37,465.07,2731.81,710.38,103.76,932.06,339.38,323.09,78.16,44897.48953,0.11217781935612828
Anhui,2014,22519.7,12,12011.0,15786.98,1064.73,749.22,352.68,10.56,663.02,10.25,93.36,34.46,39491.65818,0.17536493905336217
Fujian,2014,24942.1,13,12110.0,8198.3,674.69,2044.45,440.45,97.33,515.59,189.36,80.0,50.26,28798.11196,0.11545985285922195
Jiangxi,2014,15667.8,14,8055.0,7477.31,871.13,472.24,251.8,2.13,526.52,15.8,56.88,15.19,21055.19839,0.13438516186063137
Shandong,2014,50774.8,15,36511.0,39561.73,3761.51,7815.9,705.32,4.57,1264.62,2472.46,206.76,74.96,125648.2907,0.24746191161757408
Henan,2014,34574.8,16,22890.0,24249.88,2700.94,845.17,529.82,50.5,800.47,49.3,177.07,76.87,62908.51151,0.1819490250413596
Hubei,2014,28242.1,17,16320.0,11887.83,1124.4,1290.87,660.05,66.04,863.69,135.51,137.74,40.24,36236.76152,0.12830760290488313
Hunan,2014,25881.3,18,15317.0,10899.51,1040.29,801.03,456.8,41.38,599.17,67.73,85.88,24.4,30432.25115,0.11758393569874774
Guangdong,2014,68173.0,19,29593.0,17013.71,558.05,4765.76,1118.9,268.83,1575.28,418.8,585.67,133.83,63321.75412,0.09288391902952782
Guangxi,2014,13587.8,20,9515.0,6796.51,1018.65,1390.47,244.3,90.32,506.17,31.22,103.02,8.25,23179.88319,0.17059334984324173
Hainan,2014,3449.0,21,1820.0,1018.3,0.04,942.52,80.16,84.59,112.15,41.48,30.44,46.0,6839.468744,0.19830294995650913
Chongqing,2014,14623.8,22,8593.0,6095.78,320.43,0.0,181.64,61.99,425.53,14.75,19.75,82.15,16420.49104,0.11228607502837841
Sichuan,2014,28891.3,23,19879.0,11045.39,1863.88,865.4,829.84,250.54,748.57,125.72,63.23,165.17,38602.2075,0.13361187450893522
Guizhou,2014,9173.1,24,9709.0,13117.6,375.31,0.0,217.38,30.1,380.34,0.12,11.36,10.62,28170.34105,0.30709728499634803
Yunnan,2014,14041.7,25,10455.0,8674.67,1133.78,0.04,297.74,77.3,569.13,3.82,43.82,4.63,22841.97036,0.16267239978065334
Shaanxi,2014,17402.5,27,11222.0,18375.34,975.07,2249.6,229.92,36.26,539.43,17.53,22.15,74.26,48683.9814,0.27975280218359433
Gansu,2014,6518.4,28,7521.0,6715.87,692.97,1467.85,128.98,5.62,374.8,7.05,7.07,25.2,21321.30738,0.327094185382916
Qinghai,2014,1847.7,29,3992.0,1816.51,253.22,143.34,37.17,0.0,113.73,0.04,9.86,40.59,5978.305381,0.32355389841424476
Ningxia,2014,2473.9,30,4946.0,8857.0,386.87,426.15,21.77,0.03,123.38,30.19,2.18,17.88,20159.57583,0.8148904899147097
Xinjiang,2014,9264.5,31,14926.0,16088.03,1073.73,2693.05,215.84,22.57,561.52,6.22,45.89,169.87,48049.80396,0.5186443300771764
Beijing,2013,21134.6,1,6724.0,2019.23,0.79,870.92,423.61,477.06,193.9,8.3,45.23,98.81,12051.96518,0.05702480851305442
Tianjin,2013,9945.4,2,7882.0,5278.67,955.48,1759.15,212.24,56.12,324.65,86.93,48.37,37.79,21115.47614,0.2123139958171617
Hebei,2013,24259.6,3,29664.0,31663.27,8339.85,1385.89,347.55,17.59,800.57,35.18,57.46,49.86,93126.84205,0.3838762471351548
Shanxi,2013,11987.2,4,19761.0,36636.51,2145.59,0.0,215.87,20.49,516.02,0.99,22.12,45.08,79094.89378,0.6598279312933796
Inner Mongolia,2013,11392.4,5,17681.0,34915.72,1800.65,411.07,255.23,26.89,658.93,4.76,19.56,43.51,76626.68923,0.6726123488465995
Liaoning,2013,19208.8,6,21721.0,18132.77,3201.31,6480.07,658.9,29.05,1021.71,360.39,201.25,78.68,71833.56158,0.373961734101037
Jilin,2013,9427.9,7,8645.0,10413.74,719.77,1002.13,178.94,1.71,381.6,32.82,44.43,24.05,27346.67006,0.2900610958962229
Heilongjiang,2013,11849.1,8,11853.0,13266.81,337.65,2127.02,277.59,63.97,456.94,94.15,151.25,34.77,36540.22784,0.30837977432885194
Shanghai,2013,23204.1,9,11346.0,5681.19,640.3,2611.76,532.55,437.48,555.84,603.14,131.9,72.89,29014.43353,0.12504011588469277
Jiangsu,2013,59349.4,10,29205.0,27946.07,3190.61,3394.78,891.46,63.79,752.28,182.7,131.61,124.47,81293.88229,0.13697507016077667
Zhejiang,2013,37334.6,11,18640.0,14161.26,446.18,2853.65,706.14,92.15,946.63,328.49,344.61,56.72,45417.88538,0.1216509226829804
Anhui,2013,20584.0,12,11696.0,15665.08,1049.41,551.67,319.33,9.46,626.32,9.8,81.72,27.81,38223.74428,0.1856963869024485
Fujian,2013,22503.8,13,11190.0,8078.64,655.38,1007.11,409.56,85.41,521.6,182.94,82.0,49.39,25241.79808,0.11216682551391322
Jiangxi,2013,14300.2,14,7583.0,7254.69,854.93,520.28,236.92,1.7,526.48,31.47,48.51,13.43,20671.69816,0.14455530803764982
Shandong,2013,47344.3,15,35358.0,37683.44,3680.29,6766.01,705.41,4.5,1262.92,2139.16,151.52,68.8,117307.8309,0.24777603829816897
Henan,2013,31632.5,16,21909.0,25058.14,1817.47,963.57,556.92,46.07,777.59,33.89,160.5,79.77,62232.41731,0.19673569053979292
Hubei,2013,25378.0,17,15703.0,12166.72,1114.39,1176.72,616.05,63.77,805.41,118.84,119.75,31.97,35789.83009,0.14102699223737097
Hunan,2013,23545.2,18,14919.0,11223.84,1075.82,946.54,434.56,38.84,566.32,68.31,89.36,20.46,31342.69811,0.13311714536296146
Guangdong,2013,62503.4,19,28480.0,17106.78,585.02,4729.48,1070.6,260.31,1538.57,435.06,536.47,124.05,62873.12022,0.10059152017330257
Guangxi,2013,12448.4,20,9100.0,7344.11,974.5,1296.13,224.21,23.83,430.89,44.83,125.88,4.55,23350.89643,0.18758150790463032
Hainan,2013,3115.9,21,1720.0,1008.78,0.04,737.65,72.13,85.74,130.25,36.77,16.87,46.02,6182.040885,0.19840305802496874
Chongqing,2013,13027.6,22,8049.0,5794.47,208.82,0.0,161.7,58.99,455.95,11.98,16.63,72.19,15321.63356,0.117609026681814
Sichuan,2013,26518.0,23,19212.0,11678.55,1760.13,306.49,818.47,239.76,754.04,87.9,60.9,148.3,37279.69052,0.14058258737461346
Guizhou,2013,7973.1,24,9299.0,13650.74,423.46,0.0,195.4,21.8,378.7,0.51,7.09,8.42,29167.203,0.3658201076118448
Yunnan,2013,12825.5,25,10072.0,9783.09,1347.57,0.03,280.01,63.73,559.81,3.24,35.75,4.27,25403.47397,0.1980700477174379
Shaanxi,2013,15905.4,27,10610.0,17247.95,935.22,2230.64,220.98,32.27,521.87,21.7,22.71,70.3,46207.14979,0.2905123404001157
Gansu,2013,6014.5,28,7287.0,6541.07,666.72,1575.63,122.89,5.1,375.35,4.29,7.06,23.23,21170.49682,0.35199096882533876
Qinghai,2013,1713.3,29,3768.0,2073.15,230.22,146.19,32.85,0.0,110.77,0.12,9.27,41.56,6406.41402,0.3739224899317108
Ningxia,2013,2327.7,30,4781.0,8533.51,417.96,463.31,20.04,0.12,117.91,39.51,6.9,19.57,19805.05518,0.8508422554452894
Xinjiang,2013,8392.6,31,13632.0,14205.5,1110.05,2560.76,209.36,22.93,545.89,13.19,49.3,127.41,43225.15762,0.5150389345375688
Beijing,2012,19024.7,1,7177.6819,2270.0,32.2657,1075.7675,415.8991,443.3329,215.8246,78.1622,0.0,92.0666,13116.48802,0.06894451959820655
Tianjin,2012,9043.0,2,8208.0083,5298.0,882.72,1544.62,253.75,29.41,378.17,122.33,0.0,32.5818,20352.44151,0.2250629382948137
Hebei,2012,23077.5,3,30250.2137,31359.0,8402.281,1547.61,318.3344,7.7887,821.3591,24.5314,0.0,45.1325,92850.73721,0.40234313599826677
Shanxi,2012,11683.1,4,19335.5884,34551.0,2938.55,0.0,224.61,18.0,498.08,1.2,0.0,37.39,77128.28508,0.6601696902363242
Inner Mongolia,2012,10470.1,5,19785.7078,36620.0,1411.8632,87.016,302.5262,23.1949,877.1039,16.9087,0.0,37.8368,78432.42287,0.7491086319137352
Liaoning,2012,17848.6,6,23526.4048,18219.0,3442.08,7000.91,780.84,35.58,1225.48,422.0,0.0,63.7186,74514.38878,0.41748029974339723
Jilin,2012,8678.0,7,9443.0384,11083.0,670.1,977.05,182.6,0.81,424.4,34.11,0.0,22.7869,28380.13067,0.32703538453560727
Heilongjiang,2012,11015.8,8,12757.8001,13965.0,331.09,2166.48,465.99,65.94,604.78,99.53,0.0,33.68,38506.58502,0.34955777174603747
Shanghai,2012,21305.6,9,11362.1524,5703.0,673.17,2210.55,517.35,402.74,568.99,640.15,0.0,64.3804,27354.02441,0.12838889498535597
Jiangsu,2012,53701.9,10,28849.8414,27762.0,3170.1,2947.99,935.0,53.14,803.54,158.35,0.0,113.1407,79059.5107,0.1472192058381547
Zhejiang,2012,34382.4,11,18076.1831,14374.0,451.4223,2732.5949,706.1563,80.073,938.9045,328.6746,0.0,48.0797,44156.24933,0.12842689669714738
Anhui,2012,18341.7,12,11357.9481,14704.0,996.44,421.38,250.6432,10.77,578.3146,11.08,0.0,24.8956,35194.41509,0.191881968901465
Fujian,2012,20190.7,13,11185.4411,8485.0,650.0,1104.55,397.62,74.36,516.39,186.3,0.0,37.49,25707.5598,0.12732376688277278
Jiangxi,2012,12807.7,14,7232.9199,6802.0,878.66,508.22,198.42,9.51,416.65,29.85,0.0,10.04,19184.94964,0.14979230962624046
Shandong,2012,42957.3,15,38899.2491,40233.0,3506.0504,6271.5021,811.5763,77.0777,1814.3352,1695.2031,0.0,67.2305,120484.1498,0.28047421462708316
Henan,2012,28961.9,16,23647.1137,25240.0,2221.93,1010.0167,426.9152,53.3905,738.19,13.1568,0.0,73.9183,62704.92659,0.2165083319464538
Hubei,2012,22590.9,17,17674.6591,15799.0,1113.8479,947.7438,566.7148,53.2586,732.0709,104.2941,0.0,29.2799,41120.33471,0.18202167558618737
Hunan,2012,21207.2,18,16744.0822,12084.0,1072.13,926.0,388.93,35.22,501.62,61.23,0.0,18.7884,32224.21403,0.15194940411746952
Guangdong,2012,57007.7,19,29144.013,17634.0,545.5,4511.51,1259.5,243.57,1542.53,434.91,0.0,116.4757,61789.92972,0.10838874348552914
Guangxi,2012,11303.6,20,9154.5047,7264.0,805.1,1473.0,285.413,0.08,519.46,49.72,0.0,3.1829,23225.42272,0.20546925510456845
Hainan,2012,2789.4,21,1687.9811,931.0,0.05,930.81,65.05,82.83,155.67,39.06,0.0,47.4863,6653.508126,0.23852829016992902
Chongqing,2012,11595.4,22,9278.406,6750.0,503.77,0.0,144.6329,54.2839,409.9148,9.8861,0.0,70.9756,17689.97581,0.15256028951135794
Sichuan,2012,23922.4,23,20574.9974,11872.0,1562.85,351.47,700.0,205.44,643.4,75.21,0.0,152.998,36298.63138,0.15173490694913552
Guizhou,2012,6742.2,24,9878.3789,13328.0,382.26,0.0,158.3,13.27,336.03,4.68,0.0,5.2639,28092.69609,0.416669575064519
Yunnan,2012,11097.4,25,10433.6832,9850.0,1338.869,0.02,287.512,56.0632,650.888,2.61,0.0,4.3027,25674.31466,0.2313543231747977
Shaanxi,2012,14142.4,27,10625.7099,15774.0,895.445,2267.9582,287.0149,10.1073,586.4955,0.0912,0.0,65.9714,43498.85513,0.3075776044377192
Gansu,2012,5393.1,28,7007.0411,6558.0,654.07,1544.21,65.8,5.23,258.03,9.25,0.0,20.2805,20471.85627,0.3795934855648885
Qinghai,2012,1528.5,29,3524.06,1859.0,196.3254,145.4357,29.9054,0.0,106.1633,0.1656,0.0,40.114,5817.489709,0.3806012240104678
Ningxia,2012,2131.0,30,4562.3895,8055.0,377.5533,424.1172,23.3611,7.3234,111.3225,20.62,0.0,20.4807,18611.16909,0.8733537817925856
Xinjiang,2012,7411.8,31,11831.3864,12028.0,1011.07,2594.85,154.63,45.34,433.35,8.06,0.0,101.9505,37746.55127,0.5092764412153593
