ID,Province,Year,"Energy consumption (10,000 tons of standard coal)","Coal consumption (10,000 tons)","Coke consumption (10,000 tons)","Crude oil consumption (10,000 tons)","Gasoline consumption (10,000 tons)","Kerosene consumption (10,000 tons)","Diesel consumption (10,000 tons)","Fuel oil consumption (10,000 tons)","Liquefied petroleum gas consumption (10,000 tons)",Natural gas consumption (billion cubic meters),"Carbon emissions (10,000 tons)"
1,Beijing,1997,3833,2581,480.18,694.79,72.6,88.63,52.69,199.95,0,1.81,9693.524708
1,Beijing,1998,3913,2678,482.5,709.42,83.19,91.31,64.85,155.4,0,3.74,9905.670597
1,Beijing,1999,3986,2651,441.3,724.05,92.7,110.38,70.69,114.4,0,7.58,9837.002133
1,Beijing,2000,4144,2719.78,449.08,754.71,106.6,117.6,81.17,89.62,0,10.9,10170.55971
1,Beijing,2001,4313,2675,429.62,700.5,138.69,129.25,103.52,78.39,0,16.74,10154.91144
1,Beijing,2002,4436,2531,378,748,152,145,109,71,0,21,10049.1509
1,Beijing,2003,4648,2674,438.25,726.68,165.22,137.94,110.41,66.1,0,21.19,10439.12158
1,Beijing,2004,5139.6,2939.41,455.73,809.35,198.39,182.82,131.93,66.96,0,27.02,11671.03938
1,Beijing,2005,5521.9425,3068.97,397.4,799.6,235.23,189.36,140.86,65.88,0,32.04,11981.20574
1,Beijing,2006,5904.1131,3055.67,348.62,796.12,278.16,233.86,177.49,48.05,0,40.65,12308.72022
1,Beijing,2007,6285.0447,2984.6664,358.19,950.91,324.72,277.1,192.02,42.85,0,46.64,13093.33873
1,Beijing,2008,6327.129,2747.7295,232.87,1116.76,340.9205,318.39,227.2237,25.62,0,60.65,13314.72566
1,Beijing,2009,6570.3422,2664.6988,211.9734,1162.93,363.6096,341.9349,240.1757,42.3955,0,69.4018,13656.62819
1,Beijing,2010,6954.0499,2634.6175,220.4457,1116.2873,371.5292,392.6295,237.4201,66.6855,0,74.7853,13843.97716
1,Beijing,2011,6995.3979,2365.5311,33.2812,1105.08,389.7853,419.8837,241.1162,74.6419,0,73.5606,12909.29388
1,Beijing,2012,7177.6819,2270,32.2657,1075.7675,415.8991,443.3329,215.8246,78.1622,0,92.0666,13116.48802
1,Beijing,2013,6724,2019.23,0.79,870.92,423.61,477.06,193.9,8.3,45.23,98.81,12051.96518
1,Beijing,2014,6831,1736.54,0.64,1034.62,440.62,507.58,196.46,5.63,50.37,113.7,12487.94983
1,Beijing,2015,6803,1165.18,0.44,991.54,462.75,544.38,182.35,4.91,51.15,146.88,12121.17114
1,Beijing,2016,6917,847.62,0.21,821,470.37,594.27,172.69,4.64,49.47,162.31,11472.49499
1,Beijing,2017,7088,490.46,0.18,892.54,489.85,644,175.11,2.81,48.58,164.56,11264.39543
1,Beijing,2018,7270,276.19,0.01,911.78,493.6,691.03,178.78,1.54,36.09,187.88,11540.56099
1,Beijing,2019,7360,182.8,0,936.99,500.9,697.8,161.87,0.48,49.43,189.4,11499.50664
1,Beijing,2020,6762,134.98,0.01,781.77,423.06,457.88,112.55,0.27,19,189.12,9734.339845
1,Beijing,2021,7103,130.78,0,776.43,480.02,496.28,130.68,0.61,20.42,189.96,10072.47766
1,Beijing,2022,6896.887571,79.29,0,774.92,374.82,330.32,125.71,0.2,17.14,197.95,9307.398652
2,Tianjin,1997,2459,2324,135.39,574.69,95.75,6.15,113.78,97.69,0,2.92,7563.437396
2,Tianjin,1998,2445,2325,133.42,534.62,81.76,6.1,135.95,101.8,0,2.94,7479.728043
2,Tianjin,1999,2553,2289,142.15,604.07,70.74,6.12,175.15,102.17,0,3.09,7739.644511
2,Tianjin,2000,2793.71,2472.71,143.68,709.76,112.43,18.82,197.6,79.51,0,5.4,8620.108998
2,Tianjin,2001,2918,2635,128.77,749.35,116.27,11.42,183.42,87.46,0,7.89,9029.509931
2,Tianjin,2002,3022,2929,149.49,675.58,94.76,15.63,183.81,88.98,0,6.48,9349.998304
2,Tianjin,2003,3215,3205,143.15,750.95,106.42,18.61,193.79,113.48,0,7.26,10252.62839
2,Tianjin,2004,3696.68,3508.57,328.04,786.57,118.71,15.02,226.03,113.9,0,8.55,11620.09426
2,Tianjin,2005,4084.5722,3801.45,329.75,863.14,122.95,15.12,220.78,112.69,0,9.04,12416.00589
2,Tianjin,2006,4500.1518,3809.31,541.1,900.49,128.09,16.36,235.38,107.12,0,11.22,13241.72082
2,Tianjin,2007,4942.8211,3926.7,667.75,950.14,139.55,19.38,255.83,89.63,0,14.27,14093.38283
2,Tianjin,2008,5363.5918,3972.77,719.23,790.33,148.76,18.13,289.76,92.49,0,16.84,14038.38561
2,Tianjin,2009,5874.0856,4119.65,868.65,844.64,181.03,20.73,303.57,94.65,0,18.12,15088.45776
2,Tianjin,2010,6818.08,4806.7932,663.91,1566.79,205.12,21.397,333.54,143.69,0,23.1,18418.27739
2,Tianjin,2011,7598.45,5262,709.4788,1754.02,222.57,24.53,360.66,149.96,0,26.0182,20206.58737
2,Tianjin,2012,8208.0083,5298,882.72,1544.62,253.75,29.41,378.17,122.33,0,32.5818,20352.44151
2,Tianjin,2013,7882,5278.67,955.48,1759.15,212.24,56.12,324.65,86.93,48.37,37.79,21115.47614
2,Tianjin,2014,8145,5027.28,954.39,1603.17,226.82,59.85,334.43,78.2,50.8,45.49,20394.04153
2,Tianjin,2015,8319,4538.83,904.69,1616.72,267.22,65.78,390.57,94.14,53.58,63.98,20133.49773
2,Tianjin,2016,8078,4230.16,887.29,1433.6,274.79,82.02,371.76,45.33,46.82,74.53,19009.19753
2,Tianjin,2017,7832,3875.61,808.7,1624.85,274.16,101.5,349.11,40.68,56.53,83.31,18880.27536
2,Tianjin,2018,7973,3832.89,867.23,1688.23,273.65,108.92,326.06,46.99,63.75,104.03,19597.90803
2,Tianjin,2019,8241,3766.11,903.99,1693.35,284.46,110.58,316.92,50,67.23,110.61,19762.57327
2,Tianjin,2020,8104.6,3745.28,929.37,1394.16,284.73,85.32,325.05,52.61,16.56,117.03,18831.65775
2,Tianjin,2021,8205.69,3428.78,752.06,1722.47,291.12,93.83,338.18,47.23,15.14,123.45,18916.94792
2,Tianjin,2022,8121.77,3314.72,704.72,1660.88,269.19,75.62,340.15,52.08,19.73,127.52,18383.40502
3,Hebei,1997,9033,11507,1083.44,596.04,135.07,3.49,166.95,52.35,0,6.45,27994.14327
3,Hebei,1998,9151,11416,1085.49,664.6,133.63,3.86,171.13,41.89,0,6.62,28014.45528
3,Hebei,1999,9379,11642,1166.91,694.5,131.86,3.36,181.14,52.01,0,6.79,28827.23115
3,Hebei,2000,11195.71,12115.08,1227.85,747.37,136.44,3.23,181.28,49.39,0,7.72,30085.44384
3,Hebei,2001,10391,12641,1359.97,670.55,141.85,3,168.08,55.37,0,6.97,31207.7887
3,Hebei,2002,11588,13739,1808.02,697.59,147.41,2.83,169.52,61.08,0,7.74,34712.57332
3,Hebei,2003,13483,14851,2591.01,835.19,157,2.71,173.82,62.68,0,8.28,39538.70885
3,Hebei,2004,17347.79,17073.96,3243.46,939.39,169.86,3.11,210.52,55.56,0,9.73,46105.16193
3,Hebei,2005,19835.9873,20542.394,4583.15,1003.29,221.91,3.21,444.44,60.78,0,9.14,57601.82981
3,Hebei,2006,21794.0858,21359.82,5460.55,1046.69,263.78,5.88,484.39,59.33,0,11.01,62086.01841
3,Hebei,2007,23585.1257,24681.0019,5127.329,1124.77,249.0368,6.22,532.7408,48.3122,0,12.05,67775.0276
3,Hebei,2008,24321.8687,24418.625,6007.6885,1357.63,211.1096,7.3723,531.7296,65.823,0,17.1702,70553.60871
3,Hebei,2009,25418.7867,26515.805,6208.8324,1379.12,212.0595,6.2516,521.673,59.7638,0,23.1106,75256.60351
3,Hebei,2010,27531.11,27464.7187,7319.0044,1396.65,238.7459,7.3389,691.9405,38.5295,0,29.74,80972.6992
3,Hebei,2011,29498.2912,30791.7544,8399.8818,1564.68,305.7424,8.9421,796.12,47.2858,0,35.0905,91561.11989
3,Hebei,2012,30250.2137,31359,8402.281,1547.61,318.3344,7.7887,821.3591,24.5314,0,45.1325,92850.73721
3,Hebei,2013,29664,31663.27,8339.85,1385.89,347.55,17.59,800.57,35.18,57.46,49.86,93126.84205
3,Hebei,2014,29320,29635.54,8127.2,1356.61,314.64,17.59,788.8,31.97,59.33,56.08,88574.24395
3,Hebei,2015,31037,31700.5,7905.6,1666.82,405.32,8.24,484.18,51.73,89.92,72.97,92618.07903
3,Hebei,2016,31458,30863.5,8294.9,1761.93,434.86,11.46,503.59,53.7,85.66,80.95,92750.13616
3,Hebei,2017,32083,30174.5,8700.26,1542.17,380.39,27.56,526.81,43.13,55.88,95.12,92078.21411
3,Hebei,2018,32185,29593.75,9341.63,1704.43,489.83,27.65,441.96,121.36,60.97,133.07,94441.6755
3,Hebei,2019,32545,28738.44,9371.81,2177.54,423.19,32.17,464.49,103.77,38.42,165.48,94794.99292
3,Hebei,2020,32783,28176.87,9609.9,2115.58,420.13,13.64,452.51,93.5,155.33,154.24,94206.71557
3,Hebei,2021,32590.1,24588.54,8464.94,2115.58,559.64,10.44,490.67,96.16,158.57,154.24,84647.82517
3,Hebei,2022,32538.48,24815.22,8342.58,2184.52,479.54,10.03,458.13,179.64,144.5,188.02,85552.32565
4,Shanxi,1997,6983,14674,1312.97,0,90.69,6.3,78.75,13.79,0,0.92,32232.38929
4,Shanxi,1998,6626,15281,1246.33,0,90.77,6.27,78.77,12.74,0,1.04,33194.72062
4,Shanxi,1999,6501,13756,1231.53,0,89.28,6.34,79.9,12.67,0,1.09,30254.63927
4,Shanxi,2000,6728,14262.48,1283.72,0,88.84,6.36,80.67,12.42,0,1.14,31367.83199
4,Shanxi,2001,7968,14856,2170.47,0,88.77,6.34,110.77,12.62,0,1.58,35135.2279
4,Shanxi,2002,9340,18055,2761.58,0,89.23,6.66,127.33,9.07,0,1.92,42954.75826
4,Shanxi,2003,10386,20502,3085.29,0,89.27,5.2,141.05,10.66,0,2.5,48586.50807
4,Shanxi,2004,11251,22432.67,2724.31,0,79.78,8.11,190.53,10.25,0,2.96,51365.66547
4,Shanxi,2005,12749.8271,25872.4,2139.9,0,145.89,8.45,266.42,8.95,0,3.24,56661.81698
4,Shanxi,2006,14098.1896,28605.22,2432.14,0,169.69,10.43,316.79,10.1,0,6.02,62986.21184
4,Shanxi,2007,15601.0642,29645.28,2556.37,0,194.92,11.9,375.21,14.39,0,6.91,65609.94874
4,Shanxi,2008,15675.421,28372.71,2358.76,0,236.63,14.67,472.75,12.09,0,6.6,63044.7746
4,Shanxi,2009,15575.7686,27761.93,2438.39,0,262.41,16.28,506.67,12.06,0,13.76,62451.88211
4,Shanxi,2010,16808.03,29865.1,2589.22,0,228.35,14.64,474.38,12.25,0,28.93,67004.03431
4,Shanxi,2011,18315.1194,33478.65,2558.55,0,216.88,15.18,488.64,12.6,0,31.93,73861.33846
4,Shanxi,2012,19335.5884,34551,2938.55,0,224.61,18,498.08,1.2,0,37.39,77128.28508
4,Shanxi,2013,19761,36636.51,2145.59,0,215.87,20.49,516.02,0.99,22.12,45.08,79094.89378
4,Shanxi,2014,19863,37587.43,2177.69,0,202.32,20.93,497.55,2.24,14.78,50.35,80993.41054
4,Shanxi,2015,19029,43880.62,2083.43,0,204.3,26.51,486.45,0.61,12.17,64.92,92972.76818
4,Shanxi,2016,18974,43566.14,1898.1,0,210.29,26.96,501.11,0.6,15.92,69.35,92016.69279
4,Shanxi,2017,19581,45916.08,1958.27,0,233.86,32.29,530.46,0.47,20.81,74.9,96965.04343
4,Shanxi,2018,20199,48940.14,2385.72,0,235.24,36.26,489.26,0.54,9.72,75.21,103795.3409
4,Shanxi,2019,20859,51331.61,2526.53,0,247.64,45.69,500.2,0.48,6.94,91.7,109188.9581
4,Shanxi,2020,20980.55,53739.03,2698.99,0,227.24,40.31,399.28,0.97,9.54,93.41,113915.3291
4,Shanxi,2021,21643.94,113548.72,2809.89,0,221.12,38.19,406.05,1.55,10.95,96.74,227963.7766
4,Shanxi,2022,19582.61965,121625.2,2752.44,0,228.57,22.83,416.48,1.62,12.41,99.46,243218.4709
5,Inner Mongolia,1997,3374,5800,326.63,113.27,70.99,0.4,49.79,17.18,0,0,12715.68188
5,Inner Mongolia,1998,3050,5282,282.68,115.05,61.13,0.7,41.99,17.24,0,0,11559.09422
5,Inner Mongolia,1999,3803,5525,275.71,126.31,55.85,0.3,46.46,19.94,0,0,12040.69707
5,Inner Mongolia,2000,3549.33,5907.99,286.47,126.26,64.81,1.55,68.73,30.99,0,0.01,12933.34679
5,Inner Mongolia,2001,4073,6265,312.81,133.07,72.1,1.56,87.77,33.48,0,0.14,13798.7001
5,Inner Mongolia,2002,4560,6864,393.58,126.05,79.35,1.58,96.87,39.06,0,0.22,15215.69878
5,Inner Mongolia,2003,5778,9025,477.34,128.83,96.63,1.76,152.6,39.37,0,2.04,19834.19009
5,Inner Mongolia,2004,7622.54,11391.44,577.98,132.19,151.3,1.94,252.21,47.97,0,4.42,25176.76095
5,Inner Mongolia,2005,9666.1052,13953.78,814.03,131.83,192.41,0.4,379.96,25.34,0,6.35,31201.07053
5,Inner Mongolia,2006,11220.7727,22241.84,1380.64,189.25,260.88,7.24,686.16,13.75,0,30.53,50399.9324
5,Inner Mongolia,2007,12777.1679,18607.0043,1213.1154,142.8232,236.1207,6.4352,579.4641,7.2043,0,26.5077,42360.32369
5,Inner Mongolia,2008,14100.3208,22241.84,1380.64,189.25,260.88,7.24,686.16,13.75,0,30.53,50399.9324
5,Inner Mongolia,2009,15343.5493,24047.3,1554.12,191.76,279.51,8.28,738.95,19.66,0,44.29,54871.99969
5,Inner Mongolia,2010,16820.3041,27004.0373,1416.8681,140.744,325.6758,9.3479,863.5649,15.1465,0,45.32,60476.01168
5,Inner Mongolia,2011,18736.9084,34683.5136,1559.2118,118.6587,310.2432,10.0965,922.8645,24.6108,0,40.839,75483.6423
5,Inner Mongolia,2012,19785.7078,36620,1411.8632,87.016,302.5262,23.1949,877.1039,16.9087,0,37.8368,78432.42287
5,Inner Mongolia,2013,17681,34915.72,1800.65,411.07,255.23,26.89,658.93,4.76,19.56,43.51,76626.68923
5,Inner Mongolia,2014,18309,36465.97,1493.66,411.36,271.66,28.36,577.25,4.92,18.01,44.53,78512.76899
5,Inner Mongolia,2015,18784,36283.33,1532.74,383.67,305.76,32.6,475.13,10.6,11.14,39.15,77870.64349
5,Inner Mongolia,2016,19310,36460.55,1635.4,419.55,353.24,34.96,426.62,3.27,36.36,45.06,78787.98004
5,Inner Mongolia,2017,19763,38372.19,1669.24,452.25,357.05,42.87,439.2,3.74,54.52,52.04,82898.92207
5,Inner Mongolia,2018,23068,44138.47,2125.06,362.35,352.99,46.85,430.53,2.54,55.51,61.97,95076.15613
5,Inner Mongolia,2019,25346,49035.95,2378.28,428.71,367.7,50.03,451.65,1.25,54.66,64.18,105466.6316
5,Inner Mongolia,2020,27133.65,51818.89,2617.17,414.72,364.96,34.37,444.25,1.54,75.13,69.9,111506.0183
5,Inner Mongolia,2021,26900.46,57480.44,2454.94,402.03,406.45,38.76,483.41,2.04,35.83,77.96,122072.1189
5,Inner Mongolia,2022,27680.57334,58792.04,2625.18,344.84,351.62,24.83,617.5,0.72,36.14,90.56,125360.6959
6,Liaoning,1997,9474,9035,872.16,3054.26,79.14,13.74,152.43,430.53,0,20.75,31448.86866
6,Liaoning,1998,9106,8682,891.26,2982.66,74.67,20.25,146.35,352.71,0,18.89,30316.90292
6,Liaoning,1999,9384,8462,878.65,3364.49,75.11,21.01,143.09,294.11,0,18.75,30820.37618
6,Liaoning,2000,10655.82,9582.18,878.12,3938.74,149.47,18.55,197.22,296.73,0,20.15,35098.14484
6,Liaoning,2001,10656,9084,898.14,4046.3,235.79,18.17,279.75,293.2,0,18.93,35002.83717
6,Liaoning,2002,10602,9355,1046.88,4218.81,236.1,20.27,273.24,237.58,0,18.81,36272.19099
6,Liaoning,2003,11253,10454,1131.02,4560.41,227.94,18.42,267.7,192.54,0,18.82,39443.60607
6,Liaoning,2004,13074.15,11944.98,821.02,5216.67,229.18,21.53,321.68,193.29,0,15.81,43489.65632
6,Liaoning,2005,13610.7443,12709.66,1706.9,5410.89,357.17,26.4,464.4,189.88,0,14.81,48861.81094
6,Liaoning,2006,14986.7904,13836.525,1959.93,5555.04,393.53,34.89,587.76,230.73,0,13.1,52768.93531
6,Liaoning,2007,16543.9152,14712.4,2298.83,5893.46,439.12,38.15,660.52,224.22,0,14.24,56797.27739
6,Liaoning,2008,17801.2596,15346.66,2440.82,5945.19,410.49,24.99,778.42,379.66,0,16.21,59342.60758
6,Liaoning,2009,19111.903,16032.52,2795.19,5873.05,464.05,20.62,810.45,299.94,0,16.44,61436.21393
6,Liaoning,2010,20946.5176,16908.43,3162.88,6558.91,593.17,23.34,963.9,356.43,0,19.06,67320.8494
6,Liaoning,2011,22712.2034,18053.6,3386.36,6705.53,706.61,27.35,1104.53,391.4,0,39.0708,71902.08467
6,Liaoning,2012,23526.4048,18219,3442.08,7000.91,780.84,35.58,1225.48,422,0,63.7186,74514.38878
6,Liaoning,2013,21721,18132.77,3201.31,6480.07,658.9,29.05,1021.71,360.39,201.25,78.68,71833.56158
6,Liaoning,2014,21803,18002.27,3296.94,6364.79,704.73,29.75,1060.16,362.91,217.44,84,71939.39113
6,Liaoning,2015,21362,17028.08,3187.56,6439.87,826.3,29.97,1109.26,246.24,198.06,55.35,69460.30023
6,Liaoning,2016,20847,16943.7,2993.06,7057,815.49,38.99,1008.72,305.07,191.47,50.63,70356.09232
6,Liaoning,2017,21365,17587.17,3089.27,7133.87,792.1,44.37,1032.56,304.99,232.54,62.05,72481.90432
6,Liaoning,2018,22321,17904.4,3279.64,8202.5,856.85,51.48,1040.93,216.88,241.65,73.16,77082.24136
6,Liaoning,2019,23749,18710.78,3348.65,9894.5,880.13,52.78,1044.87,221.12,210.23,75.01,83962.41717
6,Liaoning,2020,24849.5,19068,3496.78,10289.53,797.39,33.51,1007.1,212.76,7.55,72.7,85135.85184
6,Liaoning,2021,24930.8,16403.27,3405.54,10412.73,824.65,34.48,1059.73,178.24,5.63,81.27,80498.51902
6,Liaoning,2022,25911.61869,15732.2,3387.93,9752.73,815.75,26,981.16,188.34,10.07,79,76881.46634
7,Jilin,1997,4333,4970,192.75,659.36,92.67,2.83,75.46,63.27,0,2.95,12765.12561
7,Jilin,1998,3751,4182,172.89,671.33,90.82,2.98,99.69,79.16,0,3.22,11373.37706
7,Jilin,1999,3693,4243,171.81,708.37,89.96,3.2,88.47,64.67,0,3.04,11511.58898
7,Jilin,2000,3766.41,4212.7,170.55,702.63,90.67,3.28,73.74,50.96,0,2.98,11344.95891
7,Jilin,2001,3863,4484,162.09,709.33,93.61,3.62,76.59,41.53,0,3.02,11845.92048
7,Jilin,2002,4531,4664,191.62,731.42,96.99,3.89,85.49,32.03,0,3.02,12347.25099
7,Jilin,2003,5174,5202,231.15,885.24,103.41,4.07,92.53,28.95,0,3.08,13979.88699
7,Jilin,2004,5602.51,5715.02,249.99,833.01,111.12,10.29,103.04,38.45,0,4,14974.84029
7,Jilin,2005,5315.4035,6446.6728,306.92,967.67,110.5993,1.04,249.42,42.43,0,7.65,17450.03878
7,Jilin,2006,5908.0701,6937.214,369.92,913.44,110.82,1.09,269.2398,34.28,0,7.48,18431.23857
7,Jilin,2007,6557.3093,7311.88,407.635,934.17,112.46,0.89,300.83,30.62,0,9.6304,19450.57423
7,Jilin,2008,7221.3551,8367.4173,541.82,915.24,130.3,1.18,312.57,39.84,0,13.83,21992.54425
7,Jilin,2009,7697.7716,8588.91,593.1,851.89,138.44,1.15,328.12,38.44,0,16.66,22497.40475
7,Jilin,2010,8297.3127,9582.66,640.61,939.97,166.61,1.21,363.3,39.96,0,22.01,25099.7433
7,Jilin,2011,9103.0417,11035,757.71,1064.58,181.51,1.25,417.47,37.81,0,19.38,28718.64246
7,Jilin,2012,9443.0384,11083,670.1,977.05,182.6,0.81,424.4,34.11,0,22.7869,28380.13067
7,Jilin,2013,8645,10413.74,719.77,1002.13,178.94,1.71,381.6,32.82,44.43,24.05,27346.67006
7,Jilin,2014,8560,10379.34,664.72,999.37,193.36,1.71,378.42,31.91,48.02,22.58,27124.29402
7,Jilin,2015,7020,8632.01,532.82,960.34,167.9,22.33,343.43,30.86,51.82,20.65,23154.8289
7,Jilin,2016,6886,8349.29,477.62,1051.29,175.36,20.41,348.33,38.05,48.98,23,22830.39824
7,Jilin,2017,6881,8270.55,476.07,1026.83,188.51,29.55,343.37,29.08,45.13,24.91,22654.03218
7,Jilin,2018,7000,8553.18,592.83,935.8,204.68,32.58,364.61,25.79,36.51,29.71,23438.97213
7,Jilin,2019,7132,8730.65,662.31,1035.48,182.71,33.68,346.18,28.15,26.96,30.17,24145.83201
7,Jilin,2020,7185.7,8489.19,669.56,970.25,174.35,28.35,341.79,32.52,0.43,31.67,23420.61584
7,Jilin,2021,7287.6,8282.83,674.12,828.91,163.61,32.73,398.38,25.76,0.84,35.42,22832.52913
7,Jilin,2022,7392.950009,7809.19,628.67,953.76,88.47,31.73,242.96,22.27,0.19,37.14,21499.65638
8,Heilongjiang,1997,6435,6674,107,1419.41,154.27,6.14,254.03,156.35,0,23.4,19534.16969
8,Heilongjiang,1998,5975,5963,96.09,1418.56,161.93,5.7,261.88,163.49,0,23.3,18215.17076
8,Heilongjiang,1999,6058,5687,90.11,1517.62,206.73,10.64,349.24,181.74,0,22.35,18426.57736
8,Heilongjiang,2000,6166.15,5815.15,72.83,1601.27,244.04,8.74,409.71,135.38,0,23.04,19031.64955
8,Heilongjiang,2001,6037,5537,90.44,1615.5,269.84,7.91,391.02,88.74,0,22.03,18441.61033
8,Heilongjiang,2002,6004,5543,79.77,1586.16,258.57,10.61,403.39,76.77,0,20.22,18270.21716
8,Heilongjiang,2003,6714,6490,105.99,1619.14,310.17,7.06,419.58,63.32,0,20.96,20408.04791
8,Heilongjiang,2004,7465.67,7347.39,97.34,1616.07,321.58,8.94,460.4,47.68,0,20.34,22105.69269
8,Heilongjiang,2005,8049.9969,8523.62,101.16,1785.01,312.19,7.2802,473.05,39.89,0,24.43,24932.42994
8,Heilongjiang,2006,8730.9616,9029.89,210.7,1850.06,345.32,10.25,477.83,44.34,0,24.53,26541.24752
8,Heilongjiang,2007,9377.1368,9857.02,226.92,1886.02,376.01,3.85,497.81,47.19,0,30.7,28542.81407
8,Heilongjiang,2008,9979.3906,11203.87,227.3,1735.97,278.9749,0.5122,440.5382,69.8583,0,31.47,30267.54158
8,Heilongjiang,2009,10466.7008,11050.13,321.9,2065.13,319.4,0.31,512.63,88.18,0,30,31607.32563
8,Heilongjiang,2010,11233.5051,12219.133,271.33,2106.53,363.79,24.06,598.38,88.9,0,29.9,34276.28542
8,Heilongjiang,2011,12118.5019,13200.03,272.75,2200.93,466.56,26.47,598.02,88.92,0,31,36760.07148
8,Heilongjiang,2012,12757.8001,13965,331.09,2166.48,465.99,65.94,604.78,99.53,0,33.68,38506.58502
8,Heilongjiang,2013,11853,13266.81,337.65,2127.02,277.59,63.97,456.94,94.15,151.25,34.77,36540.22784
8,Heilongjiang,2014,11955,13595.53,194.07,2141.97,314.28,73.98,466.11,115.42,147.18,35.48,37035.53229
8,Heilongjiang,2015,11104,12465.43,185.68,1637.88,409.97,68.46,563.67,114.69,142.35,35.82,33896.88636
8,Heilongjiang,2016,11070,12741.39,184.19,1861.64,333.69,78.56,354.64,94.37,124.49,38.04,34181.14491
8,Heilongjiang,2017,11258,12891.15,214.76,1670.07,385.19,87.55,338.16,71.65,163.62,40.56,34205.055
8,Heilongjiang,2018,11436,13370.83,327.74,1552.63,393.15,64.01,353.08,43.11,106.63,43.84,34887.06244
8,Heilongjiang,2019,11614,14142.64,373.82,1534.76,430.27,69.77,392.18,20.95,108.16,44.37,36624.42839
8,Heilongjiang,2020,11525.1,13964.33,383.9,1685.99,401.14,52.1,397.17,24.56,2.38,46.68,36381.43072
8,Heilongjiang,2021,12191.6,15750.99,380.71,1758.5,501.69,53.03,381.08,71.28,4.36,49.74,40454.24306
8,Heilongjiang,2022,12035,15594.34,386.76,1701.68,512.01,41.14,421.87,20.14,2.69,55.2,40073.35213
9,Shanghai,1997,4759,4208,653.81,1018.5,96.92,46.68,198.26,377.84,0,0,15180.50562
9,Shanghai,1998,4874,4187,678.39,1001.35,106.07,55.84,217.79,366.48,0,0,15237.91508
9,Shanghai,1999,5208,4225,699.95,1150.06,116.06,58.83,252.24,350.45,0,1.09,15938.5024
9,Shanghai,2000,5499.48,4496.08,719.99,1309.7,133.25,55.71,176.44,494.2,0,2.54,17287.05842
9,Shanghai,2001,5818,4610,709.82,1355.03,137.33,59.57,231.8,492.61,0,3.3,17817.71299
9,Shanghai,2002,6249,4737,681.24,1424.91,191.73,103.62,262.33,519.71,0,4.33,18683.24736
9,Shanghai,2003,6796,5018,627.81,1737.52,202.24,103.44,288.32,616.07,0,4.97,20438.98831
9,Shanghai,2004,7405.64,5144.32,590.65,1842.29,221.02,168.15,346.56,657.95,0,10.69,21576.34184
9,Shanghai,2005,8225.0465,5305.7468,630.51,1967,224.04,223,312.726,767.95,0,18.72,22966.25947
9,Shanghai,2006,8875.6981,5141.5447,655.4584,1832.84,261.7325,262.0107,344.5639,805.294,0,22.602,22849.45407
9,Shanghai,2007,9670.448,5223.15,729.701,1719.57,303.6552,295.476,379.8307,848.6102,0,27.9643,23461.07219
9,Shanghai,2008,10207.3583,5463.9109,714.4448,1951.55,340.495,321.466,427.0531,788.7283,0,29.9983,24761.82255
9,Shanghai,2009,10367.3775,5305.1731,677.68,1937.18,388.518,353.1094,483.1862,742.79,0,33.525,24651.76217
9,Shanghai,2010,11201.1295,5875.5184,717.0825,2126.5,415.37,399.072,509.036,744.28,0,45.08,26971.93719
9,Shanghai,2011,11270.4828,6142,714.15,2134.6898,472.87,400.4975,532.96,675.042,0,55.4339,27745.28184
9,Shanghai,2012,11362.1524,5703,673.17,2210.55,517.35,402.74,568.99,640.15,0,64.3804,27354.02441
9,Shanghai,2013,11346,5681.19,640.3,2611.76,532.55,437.48,555.84,603.14,131.9,72.89,29014.43353
9,Shanghai,2014,11085,4895.78,654.84,2242.07,577.03,450.72,548.41,556.15,126.89,72.43,26419.35741
9,Shanghai,2015,10931,4728.13,630.75,2526.11,467.04,511.45,448.87,539.72,136.17,77.41,26527.39449
9,Shanghai,2016,11242,4625.62,596.95,2474.23,480.82,585.82,446.28,586.96,108.07,79.04,26434.0403
9,Shanghai,2017,11382,4577.84,592.31,2492.77,485.18,652.3,441.49,672.44,102.57,83.23,26929.45831
9,Shanghai,2018,11454,4420.62,621.28,2309.12,494.01,701.64,439.49,658.22,104.99,93.49,26511.63759
9,Shanghai,2019,11696,4238.28,634.82,2597.22,493.87,753.68,449.3,658.32,96.62,99.4,27363.14474
9,Shanghai,2020,11099.59,4168.01,631.9,2500.41,465.49,500.57,441.7,640.36,4.4,94.23,25603.65826
9,Shanghai,2021,11683.02,4003.15,616.35,2282.38,484.99,552.69,463.1,647.02,4.38,97.75,24965.17895
9,Shanghai,2022,10951.01,3856.82,618.88,2096.48,396.7,373.19,391.25,608.32,2.57,95,22922.53278
10,Jiangsu,1997,7991,8491,344.59,1106.91,170.8,16.86,242.62,148.62,0,0.12,22240.28139
10,Jiangsu,1998,8118,8571,369.87,1126.52,187.84,16.67,265.4,185.03,0,0.17,22760.32018
10,Jiangsu,1999,8164,8714,369.13,1183.92,189.73,19.92,291.31,191.85,0,0.22,23321.59185
10,Jiangsu,2000,8612.43,8769.8,383.69,1376.65,187.3,38.94,345.02,202.44,0,0.24,24301.9881
10,Jiangsu,2001,8881,8963,374.61,1317.61,247.71,6.08,355.95,170.64,0,0.23,24475.03508
10,Jiangsu,2002,9609,9663,398.92,1407.68,293.39,6.52,379.28,181.52,0,1.01,26405.39377
10,Jiangsu,2003,11060,10849,448.06,1714.54,339.17,14.92,413.94,216.31,0,0.62,30095.0792
10,Jiangsu,2004,13651.69,13272.08,801.07,1875.39,364.23,20.18,508.11,328.2,0,3.14,36985.66335
10,Jiangsu,2005,17167.391,17159.373,1593.12,2264.76,420.13,21.55,515.12,257.72,0,13.62,48006.41577
10,Jiangsu,2006,19040.9898,18691.8,1944.49,2302.7,449.51,18.41,587.17,201.06,0,31.3,52540.03622
10,Jiangsu,2007,20948.0443,20236.543,2018.89,2454,488.27,20.79,607.99,236.59,0,44.58,56730.24539
10,Jiangsu,2008,22232.2338,20736.71,1888.95,2313.13,561.8,21.45,646.21,218,0,63.13,57561.04135
10,Jiangsu,2009,23709.2773,21003.019,2221.2,2661.44,585.66,21.18,655.865,217.1,0,63.43,60171.94018
10,Jiangsu,2010,25773.7057,23100.483,2663.47,2998.55,749.84,35.69,727.96,157.71,0,72.14,67187.95567
10,Jiangsu,2011,27588.9743,27363.83,3151.47,2981.07,827.38,44.73,759.4,151.19,0,93.7382,77430.40053
10,Jiangsu,2012,28849.8414,27762,3170.1,2947.99,935,53.14,803.54,158.35,0,113.1407,79059.5107
10,Jiangsu,2013,29205,27946.07,3190.61,3394.78,891.46,63.79,752.28,182.7,131.61,124.47,81293.88229
10,Jiangsu,2014,29863,26912.61,3408.6,3511.4,974.61,82.77,814.06,151.78,116.11,127.7,80721.11699
10,Jiangsu,2015,30374,27209.12,3588.61,3823.2,1003.89,84.85,819.38,143.73,106.66,165.02,83601.63526
10,Jiangsu,2016,31210,28048.13,3840.21,4092.04,1027.31,90.58,821.31,151.6,108.24,172.73,87015.9996
10,Jiangsu,2017,31602,26620.03,4070.64,3866.06,1047.25,105.37,862.43,246.02,103.84,237.69,86199.76588
10,Jiangsu,2018,31635,25407.28,4052.63,4067.87,1073.12,113.23,881.47,247.11,98.32,276.21,85430.7278
10,Jiangsu,2019,32526,24902.05,4953.14,4121.21,1085.87,132.85,887.19,159.03,86.76,288.06,87262.48594
10,Jiangsu,2020,32672.49,24141.74,4485.53,4017.88,1104.53,106.68,900.78,160.37,51.18,273.32,83760.91911
10,Jiangsu,2021,34679.94,24547.21,4403.65,4020,992.99,115.66,946.18,141.59,51.47,295.82,84572.78385
10,Jiangsu,2022,35823.95,24804.29,4460.07,3991.61,976.53,77.47,960.27,139.52,33.22,305.34,85159.84421
11,Zhejiang,1997,5069,4723,111.81,692.34,146.36,10.08,334.12,110.81,0,0,13230.70542
11,Zhejiang,1998,5222,4653,108.98,690.92,160.23,10.7,369.5,109.12,0,0,13231.91023
11,Zhejiang,1999,5457,4774,98.06,785.8,178.33,10.86,401.39,138.08,0,0,13961.27096
11,Zhejiang,2000,6560.37,5384.82,117.46,1112.48,196.19,11.25,434.22,182.52,0,0,16460.29757
11,Zhejiang,2001,6530,5527,108.64,1123.85,212.87,9.92,471.67,193.19,0,0,16934.18873
11,Zhejiang,2002,8280,6595,125.56,1241.04,231.44,9.37,502.15,192.42,0,0,19510.62188
11,Zhejiang,2003,9523,7267,126.93,1425.16,262.15,10.4,569.98,261.6,0,0,21870.20111
11,Zhejiang,2004,10824.69,8361.83,149.21,1853.44,278.66,10.55,641.82,292.31,0,0.32,25683.50636
11,Zhejiang,2005,12031.6655,9680.798,163.59,2113.04,368.53,40.98,803.11,303.66,0,2.25,29946.93558
11,Zhejiang,2006,13218.8536,11334.43,317.76,2114.73,402.3,46.47,842.43,240.95,0,11.89,33781.83599
11,Zhejiang,2007,14524.1282,13024.1216,326.4043,2248.7339,444.0929,49.4798,871.4042,227.2879,0,18.0859,37733.82517
11,Zhejiang,2008,15106.8841,13040.9388,485.9767,2287.3477,475.3613,54.9072,898.6264,219.8599,0,17.6973,38498.97873
11,Zhejiang,2009,15566.8949,13276.1583,504.51,2505.8011,508.622,62.8953,897.2256,289.5305,0,19.2982,40031.63219
11,Zhejiang,2010,16865.293,13949.8593,443.09,2835.411,586.695,70.4179,958.33,330.4845,0,32.62,42989.98807
11,Zhejiang,2011,17827.2669,14776,469.9954,2939.7668,647.7594,74.7523,958.4416,370.2876,0,43.8844,45514.01829
11,Zhejiang,2012,18076.1831,14374,451.4223,2732.5949,706.1563,80.073,938.9045,328.6746,0,48.0797,44156.24933
11,Zhejiang,2013,18640,14161.26,446.18,2853.65,706.14,92.15,946.63,328.49,344.61,56.72,45417.88538
11,Zhejiang,2014,18826,13824.37,465.07,2731.81,710.38,103.76,932.06,339.38,323.09,78.16,44897.48953
11,Zhejiang,2015,19610,13826.07,427.59,2846.84,754.05,113.52,968.37,326.26,358.92,80.35,45527.34757
11,Zhejiang,2016,20276,13948.49,329.47,2667.35,796.92,127.4,881.91,381.29,363.78,87.79,45187.50037
11,Zhejiang,2017,21030,14262.04,320.17,3038.65,858.97,147.81,831.97,398.32,342.6,104.93,47325.61232
11,Zhejiang,2018,21675,14180.08,323.05,2769.88,862.2,163.65,761.97,304.08,297.98,134.91,46417.53669
11,Zhejiang,2019,22393,13676.9,302.02,3472.3,789.2,176.37,730.48,303.79,266.34,147.2,47416.69241
11,Zhejiang,2020,24660,13131.53,312.48,5082.69,834.57,145.77,703.26,456.38,65.08,133.5,50794.12332
11,Zhejiang,2021,26623.7,15429.95,285.53,5636.97,878.65,155.23,698.76,260.63,67.77,170.53,57089.81462
11,Zhejiang,2022,29112.3,16145.79,292.63,6753.78,882.69,115.31,686.52,211.44,56.92,172.03,61539.47844
12,Anhui,1997,4405,5073,482.68,300.9,57.42,1.86,120.45,53.06,0,0,12644.59714
12,Anhui,1998,4575,5383,514.63,285.99,64.24,3.07,130.09,50.08,0,0,13324.03256
12,Anhui,1999,4683,5513,529.3,292.83,66.45,7.8,137.66,52.37,0,0,13685.13765
12,Anhui,2000,4878.82,5909.39,533.27,345.06,68.54,2.56,142.12,46.91,0,0,14594.27027
12,Anhui,2001,5118,6366,542.67,288.27,70.35,2.7,147.77,47.26,0,0,15341.65688
12,Anhui,2002,5316,6679,556.2,307.99,73.9,2.7,155.89,47.52,0,0,16071.05865
12,Anhui,2003,5457,7489,599.66,334.92,76.7,7.53,173.71,53.81,0,0,17913.85504
12,Anhui,2004,6016.89,7823.06,544.29,419.79,78.18,8.49,189.48,23.92,0,0.15,18611.00451
12,Anhui,2005,6505.9832,8322.8,538.39,414.49,86.41,10.52,210.07,23.88,0,0.85,19636.72991
12,Anhui,2006,7069.3794,8792.71,652.22,445.4,97.8,10.6,239.9,21.62,0,1.95,21091.17131
12,Anhui,2007,7739.3486,9765.9393,809.7047,451.08,114.9053,11.3401,259.165,13.238,0,4.0294,23538.48163
12,Anhui,2008,8325.4277,11377.0992,851.217,426.3367,127.367,11.0186,309.6329,15.5959,0,7.1745,26911.39558
12,Anhui,2009,8895.9013,12666.4008,856.2798,454.1281,140.3988,13.2286,329.1449,14.2626,0,9.7679,29616.90997
12,Anhui,2010,9706.6006,13375.7027,910.1717,477.57,157.3958,8.41,365.7474,11.7318,0,12.54,31390.1446
12,Anhui,2011,10570.2333,14123.3903,948.1166,484.1256,217.6377,9.091,492.9649,11.3109,0,20.1358,33674.33362
12,Anhui,2012,11357.9481,14704,996.44,421.38,250.6432,10.77,578.3146,11.08,0,24.8956,35194.41509
12,Anhui,2013,11696,15665.08,1049.41,551.67,319.33,9.46,626.32,9.8,81.72,27.81,38223.74428
12,Anhui,2014,12011,15786.98,1064.73,749.22,352.68,10.56,663.02,10.25,93.36,34.46,39491.65818
12,Anhui,2015,12301,15673.49,1164.77,690.59,456.6,14.08,611.8,13.44,96.84,34.83,39570.02154
12,Anhui,2016,12663,15706.17,1164.64,539.21,509.87,15.98,622.69,21.21,101.68,39.18,39503.55779
12,Anhui,2017,13019,16082.22,1048.94,751.59,574.66,15.53,631.56,22.81,109.76,44.37,40886.6239
12,Anhui,2018,13295,16673.06,1104.44,728.34,626.42,15.48,653.4,22.14,93.52,53.01,42451.11815
12,Anhui,2019,13870,16699.74,1161.43,658.92,655.95,16.59,689.1,21.49,70.55,59.64,42725.47502
12,Anhui,2020,14697.9,16887.03,1321,711.03,689.7,11.65,649.37,20.22,4.43,66.52,43595.6816
12,Anhui,2021,15342.63,18897.66,1362.69,752.66,698.65,12.37,722.77,22.65,5.73,60.19,47791.93407
12,Anhui,2022,15882.66,19911.05,1276.05,579.56,599.57,7.16,724.25,24.6,5.58,78.2,49041.23545
13,Fujian,1997,2536,1708,80.8,285.01,80.55,5.14,174.96,31.55,0,0,5230.578647
13,Fujian,1998,2579,1790,93.57,279.08,87.44,6.75,184.34,45.11,0,0,5502.126069
13,Fujian,1999,2772,1987,107.9,291.33,92.35,7.43,198.76,50.95,0,0,6034.071442
13,Fujian,2000,3463.4,2159.61,100.16,358.43,105.11,7.6,213.5,53.23,0,0,6633.308034
13,Fujian,2001,3163,2205,95.67,347.54,106.35,7.96,214.79,49.87,0,0,6671.868756
13,Fujian,2002,3762,2711,95.12,334.15,132.76,5.3,250.13,74.77,0,0,7849.097741
13,Fujian,2003,4121,3272,132.33,362.41,138.66,25.54,266.38,94.59,0,0,9298.529638
13,Fujian,2004,5448.7,3806.12,205.91,390.55,192.15,26.22,324.33,81.64,0,0.6,10918.75466
13,Fujian,2005,6141.6017,4717.13,280.93,348.4,199.8091,32.77,368.96,161.62,0,0.51,13169.56416
13,Fujian,2006,6827.8714,5342.15,299.59,375.03,208.05,36.99,391.12,173.48,0,0.57,14635.49161
13,Fujian,2007,7587.1303,6117.15,356.02,352.33,264.17,49.09,476.03,124.94,0,0.48,16508.56353
13,Fujian,2008,8254.0355,6595.88,368.04,310.96,250.48,51.95,433.08,142.32,0,1.53,17241.23276
13,Fujian,2009,8916.4582,7109.25,653.08,706.01,263.64,50.96,413.09,165.83,0,8.49,20424.00112
13,Fujian,2010,9808.5206,7026.24,684.54,1141.74,333.2,56.5,510.57,182.75,0,29.1,22693.56502
13,Fujian,2011,10652.5961,8713.75,728.65,963,374.01,64.39,531.36,189.66,0,37.89,25906.22692
13,Fujian,2012,11185.4411,8485,650,1104.55,397.62,74.36,516.39,186.3,0,37.49,25707.5598
13,Fujian,2013,11190,8078.64,655.38,1007.11,409.56,85.41,521.6,182.94,82,49.39,25241.79808
13,Fujian,2014,12110,8198.3,674.69,2044.45,440.45,97.33,515.59,189.36,80,50.26,28798.11196
13,Fujian,2015,11863,7659.95,625.6,2164.85,465.09,111.81,445.3,174.86,63.24,45.38,27692.9327
13,Fujian,2016,12036,6826.5,608.65,2089.38,494.76,124.22,429.53,178.23,62.61,48.55,25985.41457
13,Fujian,2017,12555,7426.08,660.1,2083.69,531.87,140.86,433.74,154.09,60.28,50.16,27377.52203
13,Fujian,2018,13131,8558.85,781.86,2144.17,547.86,165.3,438.9,176.13,57.94,51.92,30298.34821
13,Fujian,2019,13718,8718.32,871.35,2559.36,562.43,171.78,453.58,180.18,57.49,52.77,32248.78746
13,Fujian,2020,13905.19,8960.56,878.05,2528.74,530.9,123.51,406.41,163.18,7.54,51.14,32007.73746
13,Fujian,2021,15157.51,9946.32,858.85,2839.74,540.19,117.24,429.63,189.03,10.81,60.04,35130.12925
13,Fujian,2022,15784.16456,9538.63,990.44,2580.98,502.06,89.96,412.45,196.92,10.95,55.41,33628.61416
14,Jiangxi,1997,2132,2542,179.74,249.47,41.1,2.55,62.6,38.2,0,0,6541.145785
14,Jiangxi,1998,2028,2408,197.01,251.56,46.19,2.37,84.54,36.59,0,0,6419.374744
14,Jiangxi,1999,2134,2435,198.15,283.56,54.01,2.38,95.47,39.93,0,0,6637.937248
14,Jiangxi,2000,2505,2468.63,205.94,331.18,58.46,2.81,104.78,34.2,0,0,6892.893248
14,Jiangxi,2001,2329,2584,215.02,299.57,60.37,0.77,130.84,27.28,0,0,7100.773348
14,Jiangxi,2002,2933,2557,261.39,297.27,82.19,0.82,163.87,46.15,0,0,7401.30194
14,Jiangxi,2003,3426,3089,297.68,314.07,59.63,5.32,251.6,39.73,0,0,8765.614917
14,Jiangxi,2004,3814,3943.91,379.57,363.41,61.82,8.66,199.49,46.88,0,0,10651.31487
14,Jiangxi,2005,4286.0102,4242.9,452.86,368.02,64.49,7.14,302.07,31.08,0,0.11,11716.06106
14,Jiangxi,2006,4660.0982,4592.26,527.26,417.99,65.99,7.95,313.59,26.5,0,0.68,12783.96298
14,Jiangxi,2007,5052.5435,5170.78,597.65,396.47,70.61,7.8,295.27,20.95,0,1.04,13966.18044
14,Jiangxi,2008,5382.9644,5267.45,581.4,411,75.68,8.01,288.47,26.98,0,2.5,14192.40972
14,Jiangxi,2009,5812.5414,5356.11,710.41,451.68,77.21,7.65,293.17,22.04,0,2.58,14856.7572
14,Jiangxi,2010,6354.8826,6246.24,772.61,469.92,155.23,8.497,368.75,23.67,0,5.27,17309.37558
14,Jiangxi,2011,6928.1739,6988.41,872.32,432.77,182.76,9.05,392.54,26.8,0,6.3391,19081.63348
14,Jiangxi,2012,7232.9199,6802,878.66,508.22,198.42,9.51,416.65,29.85,0,10.04,19184.94964
14,Jiangxi,2013,7583,7254.69,854.93,520.28,236.92,1.7,526.48,31.47,48.51,13.43,20671.69816
14,Jiangxi,2014,8055,7477.31,871.13,472.24,251.8,2.13,526.52,15.8,56.88,15.19,21055.19839
14,Jiangxi,2015,8423,7658.74,891.7,555.96,284,10.12,537.51,17.59,60.52,18.02,21942.14682
14,Jiangxi,2016,8730,7533.19,839.82,725.75,313.63,12.48,546.71,15.05,62.48,20.04,22231.93208
14,Jiangxi,2017,8972,7671.45,862.33,699.38,351.52,15.82,556.6,11.95,76.26,21.73,22700.37736
14,Jiangxi,2018,9286,7877.77,918.13,768,374.5,17.93,588.21,11.74,78.75,25.93,23728.61955
14,Jiangxi,2019,9665,7995.94,939.44,787.96,405.37,19.32,598.82,12.25,82.12,26.96,24236.09783
14,Jiangxi,2020,9808.6,7976.57,961.92,702.48,387.3,14.19,532.68,9.74,11.65,26.2,23489.37232
14,Jiangxi,2021,10345.5,7017.81,942.79,667.23,416.93,17.35,436.67,10.99,17,35.25,21521.46892
14,Jiangxi,2022,10785.69,7445.6,954.65,719.55,384.77,10.83,431.06,8.05,18.29,39.03,22471.62088
15,Shandong,1997,9154,9863,404.06,1528.57,221.65,37.18,349.09,292.25,0,7.53,27447.02832
15,Shandong,1998,9012,9922,306.34,1448.99,198.53,52.28,298.56,258.95,0,6.56,26734.08552
15,Shandong,1999,9068,9955,334.36,1477.6,169.81,48.68,288.22,281.31,0,3.52,26841.72896
15,Shandong,2000,11361.9,8698.35,424.83,1771.22,188.52,48.25,343.87,344.25,0,4.53,26046.67895
15,Shandong,2001,9955,11098,460.98,1777.97,188.92,49.53,332.65,271.37,0,4.93,30478.07541
15,Shandong,2002,14599,12938,415.42,1628.23,176.83,41.97,248.72,270.54,0,4.63,33064.92232
15,Shandong,2003,16837,15166,660.08,2213.73,209.51,14.23,521.01,241.19,0,9.61,40636.29293
15,Shandong,2004,19623.7,18270.08,1235.5,3196.39,233.66,21.74,582.3,279.16,0,11.71,51597.7515
15,Shandong,2005,24161.9494,26056.2468,1992.5721,3300.3563,443.68,21.99,1056.86,354.43,0,17.14,71313.99632
15,Shandong,2006,26759.2736,29838.47,2413.63,3878.27,477.72,23.88,1101.08,346.307,0,22.6,81785.60457
15,Shandong,2007,29176.5919,32718.671,2593.437,4075.6704,529.4858,32.0232,1187.7877,386.2422,0,22.3649,88935.50396
15,Shandong,2008,30569.9495,34389.6136,2611.898,4626.966,588.5925,30.7258,1257.7384,355.4289,0,34.4991,94378.6964
15,Shandong,2009,32420.2359,34795.1728,2922.5714,5142.9028,640.9068,35.4086,1334.1072,404.8694,0,40.24,98280.95334
15,Shandong,2010,34807.7731,37327.8891,3067.5815,5593.3964,802.398,38.6106,1448.1211,1286.7709,0,47.75,108666.6771
15,Shandong,2011,37131.9982,38920.5343,3314.7672,5826.3704,806.4136,39.6621,1664.2924,1466.5975,0,52.8619,114469.5019
15,Shandong,2012,38899.2491,40233,3506.0504,6271.5021,811.5763,77.0777,1814.3352,1695.2031,0,67.2305,120484.1498
15,Shandong,2013,35358,37683.44,3680.29,6766.01,705.41,4.5,1262.92,2139.16,151.52,68.8,117307.8309
15,Shandong,2014,36511,39561.73,3761.51,7815.9,705.32,4.57,1264.62,2472.46,206.76,74.96,125648.2907
15,Shandong,2015,39332,43515.9,3813.46,8607.02,636.19,98.5,1191.85,3247.01,263.37,82.32,138350.2077
15,Shandong,2016,40138,42160.4,3718.36,10203.42,654.21,115.23,1197.86,4511.2,439.79,98.61,145358.7374
15,Shandong,2017,40098,42003.58,3333.6,11487.18,655.99,113.01,1320.78,4686.43,366.49,126.91,149157.3643
15,Shandong,2018,40581,42319.48,3509.52,13035.48,690.08,120.27,1273.74,2376.4,191.56,156.33,147672.3053
15,Shandong,2019,41390,43132.99,3619.44,13632.1,707.02,125.92,1335.92,2096.32,221.08,189.98,151523.5274
15,Shandong,2020,42132.9,38790.28,4775.91,14708.95,673.58,100.8,1179.73,2260.34,53.85,214.13,149698.4755
15,Shandong,2021,44611.1,39997.2,4387.77,14875.64,738.35,103.38,1318.37,1790.56,50.06,226.8,150782.2928
15,Shandong,2022,48166.85169,40014.17,3791.19,13486.09,854.17,57.73,1365.84,1840.5,36.6,213.39,145086.2099
16,Henan,1997,6711,7975,307.93,447.82,120.42,18.17,137.41,38.81,0,9.5,18549.31559
16,Henan,1998,7244,8063,404.39,486.66,136.53,17.37,147.04,49.21,0,9.27,19212.33024
16,Henan,1999,7380,8299,400.47,560.52,118.94,15.85,154.23,51.26,0,10.54,19872.84874
16,Henan,2000,7918.84,8724.85,426.75,610.58,120.86,14.34,155.02,57.55,0,11.23,20946.84887
16,Henan,2001,8244,9325,486.66,598.2,124.03,13.16,157.87,65.87,0,13.11,22302.89052
16,Henan,2002,9055,10333,505.47,601.64,119.5,13.28,156.27,70.24,0,14.63,24311.48473
16,Henan,2003,10595,11420,520.66,37.12,121.99,12.74,168.68,78.36,0,16.77,24831.72304
16,Henan,2004,13074.16,14937.64,818.01,704.54,221.95,12.63,274.83,77.25,0,20.29,35075.85215
16,Henan,2005,14624.5899,18467.89,994.37,668.82,234.54,13.91,329.47,78.46,0,23.71,42468.60372
16,Henan,2006,16232.4245,20998.77,1192.23,696.57,249.69,16.03,346.01,70.37,0,30.53,48151.49996
16,Henan,2007,17837.792,23179.83,1437.05,713.83,210.9,17.03,460.51,62.78,0,33.14,53324.94905
16,Henan,2008,18976.2733,23867.52,1488.98,704.22,191.75,16.5,543.45,46.08,0,38.23,55007.47508
16,Henan,2009,19751.2376,24445.421,1441.739,785.819,196.36,25.63,526.18,25.93,0,41.5,56211.27713
16,Henan,2010,21437.7578,26050.0019,1743.44,835.07,297.49,30.64,561.22,18.34,0,47.21,60790.97437
16,Henan,2011,23061.8835,28373.8438,2052.6334,874.6295,358.5275,49.6411,663.341,41.8258,0,54.9634,67005.11758
16,Henan,2012,23647.1137,25240,2221.93,1010.0167,426.9152,53.3905,738.19,13.1568,0,73.9183,62704.92659
16,Henan,2013,21909,25058.14,1817.47,963.57,556.92,46.07,777.59,33.89,160.5,79.77,62232.41731
16,Henan,2014,22890,24249.88,2700.94,845.17,529.82,50.5,800.47,49.3,177.07,76.87,62908.51151
16,Henan,2015,22343,24253.68,1414.15,606.37,682.1,67.76,862.41,39.03,127.41,87.14,59238.49813
16,Henan,2016,22323,23662.33,1341.97,685.33,700.29,74,928.12,38.66,147,90.38,58551.8729
16,Henan,2017,22162,22976.12,1233.39,650.45,740.64,72.36,972.82,27.91,161.82,100.17,57306.91578
16,Henan,2018,22659,22332.79,1423.42,828.75,761.76,81.89,993.8,31.68,219.11,106.31,57644.35225
16,Henan,2019,22300,20045.45,1431.96,799.61,769.77,92.65,1007.54,9.77,219.61,109.34,53330.08061
16,Henan,2020,22752,20004.87,1481.35,890.73,762.26,95.14,1026.1,4.91,13.83,106.1,52988.7779
16,Henan,2021,23501,22421.79,1582.19,922.74,775.89,89.78,1121.34,6.8,15.23,117.16,58534.79889
16,Henan,2022,24371.28583,24295.84,1582.44,875.7,800.83,95.65,1170.07,50.64,19.85,123.49,62486.61853
17,Hubei,1997,6109,5904,557.29,594.91,171.98,16.74,232.06,168.91,0,0.66,16432.76337
17,Hubei,1998,6046,5911,550.68,500.35,157.67,19.79,211.12,142.98,0,0.82,15965.21815
17,Hubei,1999,5988,5993,557.64,578.65,159.03,20.38,215.8,162.43,0,0.92,16461.59625
17,Hubei,2000,6269.09,6050.62,556.83,669.77,169.17,18.29,261.3,106.69,0,0.91,16831.00107
17,Hubei,2001,6052,6096,521.52,570.06,185.55,14.51,263.88,58.45,0,0.76,16403.17942
17,Hubei,2002,6713,6483,536.16,595.43,232.78,17.47,308.28,57,0,0.91,17540.27721
17,Hubei,2003,7708,7238,552.49,637.14,292.86,12.93,370.96,90.77,0,0.94,19611.64475
17,Hubei,2004,9120,8053.71,560.36,754.01,304.55,14.55,380.55,87.2,0,0.94,21594.65893
17,Hubei,2005,10081.9516,8872.64,685.47,822.13,344.01,16.08,420.49,88.87,0,11.11,24183.36235
17,Hubei,2006,11049.0792,9909.84,752.13,851.1,421.49,34.61,514.62,125.99,0,9.64,27092.57013
17,Hubei,2007,12143.1177,10791.62,820,913,554.91,35.98,625.42,123.54,0,9.91,29884.78867
17,Hubei,2008,12844.7159,10196.08,952.27,884.26,624.23,49.7,613.49,106.97,0,15.6,29322.28743
17,Hubei,2009,13707.8075,11099.7538,910.7553,946.6,559.5,47.43,790.6702,108.885,0,16.52,31487.38156
17,Hubei,2010,15137.5899,13470.0646,1120.83,1033.86,457.8,40.41,648.96,92.01,0,19.64,36112.61708
17,Hubei,2011,16579.2274,15805.32,1172.72,1026.23,497.81,46.75,698.07,97.34,0,24.9183,41094.94148
17,Hubei,2012,17674.6591,15799,1113.8479,947.7438,566.7148,53.2586,732.0709,104.2941,0,29.2799,41120.33471
17,Hubei,2013,15703,12166.72,1114.39,1176.72,616.05,63.77,805.41,118.84,119.75,31.97,35789.83009
17,Hubei,2014,16320,11887.83,1124.4,1290.87,660.05,66.04,863.69,135.51,137.74,40.24,36236.76152
17,Hubei,2015,15477,11035.08,1030.01,1299.01,716.92,79.87,817.31,109.27,153.26,40.26,34400.62473
17,Hubei,2016,15897,10739.77,1095.31,1239.61,743.19,96.97,865.85,117.83,164.54,41.5,34214.52678
17,Hubei,2017,16180,10721.23,1062.32,1428.91,749.17,112,868.27,123.02,176.22,52.5,35017.54113
17,Hubei,2018,16682,11100.11,1131.7,1420.68,784.54,116.26,895.35,129.43,195.41,62.7,36411.68921
17,Hubei,2019,17316,11768.33,1115.52,1516.49,864.59,128.47,976.32,148.83,204.75,68.46,38661.37346
17,Hubei,2020,16251.46,10371.44,1114.11,2091.04,420.13,13.64,452.51,93.5,2.92,61,33506.87911
17,Hubei,2021,18191.59631,10623.82,1077.32,1611.75,970.37,80.76,1025.97,125.51,2.64,70.64,36330.3338
17,Hubei,2022,18627,11648.56,1178.61,1466.38,881.56,107.05,1019.54,80.58,14.2,67.59,37755.23767
18,Hunan,1997,4808,4703,312.05,359.2,103.2,8.48,105.23,54.74,0,0,11741.59773
18,Hunan,1998,4894,4785,321.38,356.98,106.7,7.97,108.32,51.41,0,0,11925.09732
18,Hunan,1999,4087,3618,314.46,481.58,104.3,7.86,119.55,42.74,0,0,10063.85767
18,Hunan,2000,4070.71,3335.36,299.74,541.05,115.4,8.08,140.18,46.38,0,0,9772.821048
18,Hunan,2001,4622,4100,320.16,440.43,113.7,4.93,124.1,45.62,0,0,10913.70916
18,Hunan,2002,5045,4287,351.13,470.92,134.63,8.74,182.36,43.55,0,0,11696.25317
18,Hunan,2003,5562,4984,395.83,507.82,135.93,8.91,184.89,42.79,0,0,13269.80283
18,Hunan,2004,7599.2,6039.79,553.37,615.79,160.47,11.58,242.91,36.81,0,0.06,16294.61366
18,Hunan,2005,9709.2664,8739.29,356.58,660.86,205.38,20.48,335.55,48.09,0,4.85,21582.10892
18,Hunan,2006,10580.8967,9400.51,423.12,574.49,236.24,22.83,364.08,42.04,0,5.05,22938.90395
18,Hunan,2007,11628.9864,10277.39,915.89,671.67,271.66,24.5,395.04,40.2,0,7.64,26562.91634
18,Hunan,2008,12355.3141,10169.01,998.9,614.11,231.8,25.41,375.51,41.41,0,8.23,26262.84852
18,Hunan,2009,13331.0434,10751.41,1011.92,565.77,246.11,30.44,432.38,68.39,0,10.23,27622.83673
18,Hunan,2010,14880.0644,11323.326,1089.19,587.6,262.36,30.25,502.98,75.22,0,11.88,29319.49435
18,Hunan,2011,16160.8566,13005.7527,851.65,766.03,295.05,32.03,561.7236,68.981,0,15.3372,32713.84512
18,Hunan,2012,16744.0822,12084,1072.13,926,388.93,35.22,501.62,61.23,0,18.7884,32224.21403
18,Hunan,2013,14919,11223.84,1075.82,946.54,434.56,38.84,566.32,68.31,89.36,20.46,31342.69811
18,Hunan,2014,15317,10899.51,1040.29,801.03,456.8,41.38,599.17,67.73,85.88,24.4,30432.25115
18,Hunan,2015,14514,10228.9,1145.05,878.46,514.65,51.76,686.6,92.81,93.07,26.53,30310.60014
18,Hunan,2016,14845,10768.56,960.5,841.6,575.76,55.43,712.98,94.05,99.1,26.86,30998.17614
18,Hunan,2017,15200,11018.5,947.57,770.12,642.02,60.75,662.19,93.57,106.33,27.07,31298.33887
18,Hunan,2018,15544,10922.31,970.67,949.7,718.92,63.17,649.29,90.44,111.73,30.47,31996.62224
18,Hunan,2019,16001,10664.02,982.53,935.12,819.89,65.03,672.61,83.05,114.61,32.9,31906.85056
18,Hunan,2020,16274.6171,10199.62,1001.52,1274.87,833.05,87.93,928.79,109.37,44.06,34.13,32896.85942
18,Hunan,2021,16909.32717,8291.42,1007.87,809.86,1015.49,103.11,1034.88,105.42,53.94,41.16,28962.46055
18,Hunan,2022,17027.69246,8257.94,1008.45,829.48,1042.57,68.68,1058.36,103.6,46.5,45.73,29077.71137
19,Guangdong,1997,7953,5051,159.8,1388.73,262.94,64.75,547.19,722.29,0,2.17,19248.5204
19,Guangdong,1998,8376,5087,162.23,1377.42,282.32,65.69,646.47,834.06,0,2.2,20012.12813
19,Guangdong,1999,8735,5284,165.5,1573.96,288.47,66.94,763.15,877.4,0,1.71,21499.43192
19,Guangdong,2000,9447.7,5890.24,146.57,1956.41,301.16,89.51,766.23,941.95,0,1.43,24066.05889
19,Guangdong,2001,10179,6088,175.12,1943.03,324.82,95.98,816.33,1039.5,0,0,25005.75643
19,Guangdong,2002,11355,6649,179.11,1961.91,344.58,103.15,848.12,1154.19,0,0,26682.25683
19,Guangdong,2003,13099,7910,227.99,2095.15,375.04,119.64,935.87,1241.65,0,1.26,30336.22109
19,Guangdong,2004,15210.47,8790.24,278.03,2391.35,447.44,130.97,1023.69,1533.95,0,1.62,34500.34722
19,Guangdong,2005,17920.9846,9852.65,300.16,2388.37,706.22,153.72,1306.66,1600.05,0,2.49,38503.88547
19,Guangdong,2006,19970.9096,10947.99,410.78,2805.71,771.39,157.4,1367.6,1573.72,0,14.46,42727.84416
19,Guangdong,2007,22217.1123,12430.0468,460.9679,2940.1,837.7297,171.1391,1438.21,1316.44,0,45.69,46406.14489
19,Guangdong,2008,23476.1713,13298.16,449.6,3046.21,886.9,183.07,1518.92,1077.76,0,53.58,48186.27006
19,Guangdong,2009,24653.6935,13647.26,466.43,3709.44,957.2,192.12,1567.91,894.99,0,112.86,51986.96465
19,Guangdong,2010,26908.0205,15983.62,485.97,4455.31,1086.12,202.38,1668.56,646.93,0,95.71,58296.58042
19,Guangdong,2011,28479.9883,18439.37,552.13,4403.37,1207.59,216.93,1500.55,505.28,0,114.4631,62830.43799
19,Guangdong,2012,29144.013,17634,545.5,4511.51,1259.5,243.57,1542.53,434.91,0,116.4757,61789.92972
19,Guangdong,2013,28480,17106.78,585.02,4729.48,1070.6,260.31,1538.57,435.06,536.47,124.05,62873.12022
19,Guangdong,2014,29593,17013.71,558.05,4765.76,1118.9,268.83,1575.28,418.8,585.67,133.83,63321.75412
19,Guangdong,2015,30117,16587.32,543.02,4899.6,1229.09,275.02,1587.87,403.47,736.06,145.16,63915.40092
19,Guangdong,2016,31211,16135.29,782.54,5044.45,1502.44,292.17,1676.09,456.88,758.16,167.79,66030.882
19,Guangdong,2017,32309,17172.1,940.96,5209.32,1529.91,299.89,1668.45,348.52,794.07,182.38,69115.00466
19,Guangdong,2018,33330,17067.51,933.17,5920.91,1555.09,306.49,1672.51,333.77,834.85,190.64,71407.49288
19,Guangdong,2019,34142,16833.87,985.06,5632.08,1561.02,313.11,1672.22,346.25,911.07,206.18,70888.04607
19,Guangdong,2020,34502.92,16514.14,1011.69,6249.93,1506.78,280.06,1541.48,502.81,447.71,212.58,70757.94962
19,Guangdong,2021,36821.42,18962.99,932.44,6783.97,1269.76,365.16,1363.02,605.11,402.31,285.46,77568.5568
19,Guangdong,2022,36519.05,18628.88,1075.28,6634.04,1031.4,334.89,1098.04,533.65,297.64,295.69,74950.17275
20,Guangxi,1997,2605,2142,167.95,50.87,44.54,3.34,73.27,9.01,0,0,5100.291437
20,Guangxi,1998,2438,2106,166.51,57.51,59.44,3.59,102.31,10.39,0,0,5186.44069
20,Guangxi,1999,2473,2117,161.82,57.45,64.59,3.75,100.69,7.32,0,0,5194.532023
20,Guangxi,2000,2669.34,2228.43,158.61,61.41,65.87,3.79,147.44,7.67,0,0,5558.769979
20,Guangxi,2001,2669,2228,158.61,61.41,65.87,3.79,147.44,7.67,0,0,5557.95285
20,Guangxi,2002,3120,2133,177.15,70.24,84.37,11.17,214.48,13.13,0,0,5758.39562
20,Guangxi,2003,3523,2621,194.2,73.19,116.7,10.43,217.73,20.85,0,0,6870.329342
20,Guangxi,2004,4203.28,3366.71,344.16,82.36,129,5.05,286.66,29.63,0,0.02,9005.494628
20,Guangxi,2005,4868.5708,3618.87,433.04,97.71,139.59,6.8,295.46,32.96,0,1.12,9883.125702
20,Guangxi,2006,5390.3495,3979.84,451.26,118.21,173.91,0,308.91,24.07,0,1.22,10778.5516
20,Guangxi,2007,5997.3843,4671.04,520.42,152.98,190.7,0.27,337.25,20.85,0,1.34,12524.91278
20,Guangxi,2008,6497.0536,4676.3282,580.026,133.3,202,16.05,355.54,9.9247,0,1.013,12741.5633
20,Guangxi,2009,7074.9634,5199.11,627.88,163.03,216.28,0.09,413.61,7.38,0,1.21,14131.24145
20,Guangxi,2010,7918.9735,6206.82,682.07,396.02,247.68,2.73,442.37,34.64,0,1.82,17193.46764
20,Guangxi,2011,8591.3638,7032.89,740.25,1064.06,259.48,0.28,476.91,50.45,0,2.5273,21146.82564
20,Guangxi,2012,9154.5047,7264,805.1,1473,285.413,0.08,519.46,49.72,0,3.1829,23225.42272
20,Guangxi,2013,9100,7344.11,974.5,1296.13,224.21,23.83,430.89,44.83,125.88,4.55,23350.89643
20,Guangxi,2014,9515,6796.51,1018.65,1390.47,244.3,90.32,506.17,31.22,103.02,8.25,23179.88319
20,Guangxi,2015,9806,6094.82,1000.12,1428.77,270.89,56.36,485.34,24.1,91.32,8.37,21763.63849
20,Guangxi,2016,10110,6403.86,1020.96,1340.43,335.03,62.51,538.43,10.54,92.52,15.37,22626.27336
20,Guangxi,2017,10456,6617.64,1088.52,1563.03,356.97,50.95,535.01,10.45,88.65,16.76,23934.53323
20,Guangxi,2018,10823,7339.78,1023.08,1599.33,334.15,52.2,486.67,16.28,84.23,22.68,25149.43509
20,Guangxi,2019,11270,8021.91,1079.35,1637.82,256.68,46.36,487.19,17.99,83.26,27.86,26594.68972
20,Guangxi,2020,12081.05,8496.71,1413.42,1276.2,286.16,20.27,435.86,19.96,3.88,31.52,27048.15373
20,Guangxi,2021,13189.02,7857.73,1580.09,1698.17,305.09,23.53,452.77,33.75,6.09,41,27958.25255
20,Guangxi,2022,13207.1,8080.57,1502.93,1594.58,329.79,22.36,510.77,24.97,7.98,33.22,27906.19144
21,Hainan,1997,390,138,1.18,0.01,27.22,14.54,41.59,6.02,0,5.11,647.508763
21,Hainan,1998,407,169,0.67,1.1,28.69,16.18,43.44,6.3,0,5.58,734.279285
21,Hainan,1999,431,179,2.51,6.39,29.34,22.1,44.53,11.08,0,5.1,802.462033
21,Hainan,2000,479.95,191.63,3.47,14.69,30.93,28.13,46.2,9.39,0,5.28,880.821675
21,Hainan,2001,520,330.0866667,0.04,13.49,31.37,30.49,48.24,9.99,0,6.56,1174.801551
21,Hainan,2002,602,468.5433333,2.98,22.545,25.58,41.345,49.485,7.615,0,15.32,1675.213707
21,Hainan,2003,684,607,5.92,31.6,19.79,52.2,50.73,5.24,0,24.08,2175.625864
21,Hainan,2004,742.48,477.3402,3.51,13.87,34.21,54.26,53.98,5.88,0,23.89,1925.173947
21,Hainan,2005,822.1978,326.01,19.106,11.46,21.2676,62.828,63.116,5.24,0,20.97,1626.04874
21,Hainan,2006,920.4523,332.2299,18.65,230.1,27.1205,66.2666,75.402,11.28,0,23.97,2446.477497
21,Hainan,2007,1056.9991,426.4097,22.99,816.28,32.0614,75.2438,85.191,20.18,0,23.487,4497.907101
21,Hainan,2008,1135.3303,471.9497,14.88,796.83,38.85,80.16,93.8,29.55,0,26.78,4664.803562
21,Hainan,2009,1232.5204,536.8899,17.76,835.68,47.62,90.03,106.24,26.82,0,24.94,4959.282712
21,Hainan,2010,1358.5066,647.1999,0.05,859.17,52.63,87.43,139.98,30.49,0,29.72,5415.460906
21,Hainan,2011,1600.6207,815.47,0.02,915.19,60.5,90.15,146.18,35.29,0,48.86,6383.839254
21,Hainan,2012,1687.9811,931,0.05,930.81,65.05,82.83,155.67,39.06,0,47.4863,6653.508126
21,Hainan,2013,1720,1008.78,0.04,737.65,72.13,85.74,130.25,36.77,16.87,46.02,6182.040885
21,Hainan,2014,1820,1018.3,0.04,942.52,80.16,84.59,112.15,41.48,30.44,46,6839.468744
21,Hainan,2015,1916,1071.92,0,1116.11,89.32,85.69,93.14,31.93,59.03,45.65,7487.562696
21,Hainan,2016,1984,1015.31,0,1118.66,97.09,105.76,83.1,13.32,55.97,40.85,7267.540339
21,Hainan,2017,2080,1099.34,0.02,979.99,104.5,114.68,84.67,13.99,39.67,42.98,7059.554764
21,Hainan,2018,2170,1162.67,0.03,1060.85,107.58,128.16,90.04,6.01,32.48,44.27,7470.715855
21,Hainan,2019,2264,1130.39,0.03,1138.16,107.6,131.04,87.76,6.25,28.55,46.15,7673.780486
21,Hainan,2020,2270.64,1023.84,0.03,1135.06,112.31,106.05,88.17,35.15,10.09,48.64,7489.916402
21,Hainan,2021,2446.19,1133.02,0.03,1137.51,123.99,112.14,92.72,40.42,5.31,54.9,7908.682926
21,Hainan,2022,2424,1138.74,0.03,905.87,123.65,66.08,92.66,64.14,4.44,58.18,7223.301781
22,Chongqing,1997,2656,2735,120.42,0,32.82,7.78,38.24,0,0,25.75,6336.404628
22,Chongqing,1998,3277,2849,189.92,0,59.55,8.26,57.54,0.09,0,23.99,6853.455043
22,Chongqing,1999,3689,3051,149.78,0,62.92,8.43,61.15,1.58,0,29.92,7276.995226
22,Chongqing,2000,2428,2942.05,180.74,0,65.66,8.34,61.44,2.68,0,33.26,7242.866479
22,Chongqing,2001,3016,2736,191.05,0.19,64.14,8.33,64.31,4.1,0,26.56,6745.424228
22,Chongqing,2002,2662,3053,189.72,0.25,65.41,8.53,68.91,3.24,0,27.33,7376.674245
22,Chongqing,2003,3009,2646,187.73,0.27,65.87,8.58,73.15,2.99,0,28.75,6642.1529
22,Chongqing,2004,3670,2904.38,191.42,0.48,76.37,12.53,169.57,4.32,0,30.34,7524.084195
22,Chongqing,2005,4942.8947,4196.44,388,2.86,77.53,12.3,180.18,3.61,0,35.5,10693.73309
22,Chongqing,2006,5368.495,4690.31,329.15,3.17,86.22,23.01,186.55,2.66,0,40.05,11637.66153
22,Chongqing,2007,5946.8972,5109.87,323.38,0.13,86.46,27.01,234.11,7.84,0,43.53,12660.97117
22,Chongqing,2008,6472.3644,5272.7317,342.4372,0.02,96.5893,30.4356,257.6488,8.14,0,48.75,13251.2967
22,Chongqing,2009,7029.8185,5781.7219,334.1,0.01,90.54,34.06,273.5536,7.5883,0,49.4675,14250.89792
22,Chongqing,2010,7855.5188,6396.9028,299.4677,0,102.6303,41.7828,338.5093,8.609,0,56.59,15737.8455
22,Chongqing,2011,8791.9592,7189.2463,377.7894,0,144.9703,52.78,397.6959,9.3669,0,61.7973,17922.8388
22,Chongqing,2012,9278.406,6750,503.77,0,144.6329,54.2839,409.9148,9.8861,0,70.9756,17689.97581
22,Chongqing,2013,8049,5794.47,208.82,0,161.7,58.99,455.95,11.98,16.63,72.19,15321.63356
22,Chongqing,2014,8593,6095.78,320.43,0,181.64,61.99,425.53,14.75,19.75,82.15,16420.49104
22,Chongqing,2015,7747,5047.19,169.91,0,199.98,66.63,491.21,13.9,20.18,88.37,14401.41981
22,Chongqing,2016,7982,4854.37,384.31,0,219.05,80.97,514.22,13.91,21.22,89.32,14842.36673
22,Chongqing,2017,8279,5290.31,162.28,0,232.65,83.44,542.31,14.25,21.98,95.24,15301.32703
22,Chongqing,2018,8557,5129.52,266.86,0,358.96,94.93,411.42,16.18,25.21,99.5,15402.09579
22,Chongqing,2019,8889,5022.94,306.43,0,400.08,102.14,407.02,18.42,28.22,103.51,15544.31619
22,Chongqing,2020,7621.87,4995.54,323.46,0,410.27,86.32,387.07,12.69,11.84,103.31,15387.94453
22,Chongqing,2021,8046.31,4503.11,341.33,0,416.25,73.99,390.94,13.19,11.36,130.22,15077.50457
22,Chongqing,2022,8022.76,4789.38,363.26,,384.01,63,334.46,11.57,10.26,130.23,15373.56493
23,Sichuan,1997,6628,6064,575.54,33.94,100.03,28.75,79.91,9.56,0,52.14,15056.67923
23,Sichuan,1998,6750,5900,541.3,37.31,120.34,33.48,136.78,11.63,0,56.84,15015.21094
23,Sichuan,1999,6370,4862,447.25,38.89,143.65,36.04,161.61,13.32,0,58.67,12976.16595
23,Sichuan,2000,6517.82,4861.98,447.25,38.89,143.65,36.04,161.61,13.32,0,58.67,12976.12794
23,Sichuan,2001,6810,4650,487.81,55.8,157.96,43.62,194.86,11.74,0,63.07,12998.18459
23,Sichuan,2002,7510,5462,541.2,57.78,171.47,56.13,196.43,12.42,0,69.96,14933.19212
23,Sichuan,2003,9204,7254,625.58,75.67,181.66,72.14,226.98,11.13,0,74.68,18904.58483
23,Sichuan,2004,10699.98,8188.68,813.32,114.99,204.02,78.99,269.71,8.11,0,80.64,21674.16727
23,Sichuan,2005,11816.1426,8512.91,894.54,140.81,224.44,93.56,287.43,8.08,0,89.52,22951.0736
23,Sichuan,2006,12986.4956,9159.89,1003.67,174.94,269.32,105.83,354.61,9.5,0,106.08,25334.62407
23,Sichuan,2007,14214.1968,10190.7,1144.05,239.95,330.44,128.62,394.23,7.17,0,112.15,28385.42587
23,Sichuan,2008,15145.0694,10727.41,1119.1,285.49,375.92,126.61,473.94,12.6,0,108.94,29793.0842
23,Sichuan,2009,16321.7474,12147.35,1121.9854,315.68,462.92,155.07,538.46,13.34,0,126.99,33523.57662
23,Sichuan,2010,17891.8263,11520.4,1353.64,351.76,541.82,173.31,525.1,62.82,0,175.39,34551.85663
23,Sichuan,2011,19696.1883,11454.34,1438.85,361.75,642.08,206.24,576.52,70.45,0,156.0781,34858.73379
23,Sichuan,2012,20574.9974,11872,1562.85,351.47,700,205.44,643.4,75.21,0,152.998,36298.63138
23,Sichuan,2013,19212,11678.55,1760.13,306.49,818.47,239.76,754.04,87.9,60.9,148.3,37279.69052
23,Sichuan,2014,19879,11045.39,1863.88,865.4,829.84,250.54,748.57,125.72,63.23,165.17,38602.2075
23,Sichuan,2015,18306,8824.34,1152.08,989.56,767.06,194.76,842.41,24.91,74.76,196.92,33061.22925
23,Sichuan,2016,18756,8467.99,1129.38,902.77,800.62,210,862.64,69.61,68.13,202.69,32509.91214
23,Sichuan,2017,19229,7815.38,1127.09,956.37,828.14,205.94,888.45,65.54,90.03,216.26,31921.64778
23,Sichuan,2018,19916,7495.78,1165.88,719.82,874.13,209.47,902.12,33.33,52.91,237,31129.39127
23,Sichuan,2019,20791,7713.47,1302.68,1010.17,916.97,214.2,912.92,50.06,54.57,254.38,33418.3633
23,Sichuan,2020,21185.9,7501.62,1215.66,955.15,955.15,897.18,160.07,898.65,81.32,250.59,35138.08433
23,Sichuan,2021,22569.4,7675.75,1188.62,1024.84,934.8,169.26,925.67,52.36,80.01,274.38,33539.3755
23,Sichuan,2022,22545.02346,7622.39,1117.54,1008.78,985.82,167.49,955.19,25.84,93.88,275.9,33413.12121
24,Guizhou,1997,3960,5176,242.25,0,43.42,7.73,33.82,6.58,0,4.98,10912.49331
24,Guizhou,1998,4315,5522,219.21,0,44.72,8.62,37.82,6.1,0,5.56,11533.98241
24,Guizhou,1999,4018,5028,237.43,0,39.19,8.88,52.62,8.49,0,6.22,10699.63764
24,Guizhou,2000,4278.61,5146.3,238.86,0,46.46,9.37,57.81,7.51,0,5.72,10953.42297
24,Guizhou,2001,4438,4946,225.34,0,47.83,2.36,82.85,7.46,0,6,10600.38893
24,Guizhou,2002,4470,5199,234.4,0,50.48,2.29,89.23,7.67,0,5.48,11123.79547
24,Guizhou,2003,5534,6794,239.99,0,58.94,2.55,104.41,9.94,0,5.45,14249.84895
24,Guizhou,2004,6021,7993.74,269.06,0,67.23,2.69,108.4,10.34,0,4.99,16641.21481
24,Guizhou,2005,5641.2538,7920.6744,254.26,0,71.91,2.64,132.17,10.39,0,5.05,16548.61852
24,Guizhou,2006,6172.454,8994.5664,338.14,0,81,9.63,171.88,12.01,0,4.98,19003.51826
24,Guizhou,2007,6799.7179,9572.63,445.97,0,105.81,3.57,184.04,21.19,0,5.14,20534.98488
24,Guizhou,2008,7083.9867,9732.18,450.97,0,123.4244,2.95,226.46,23.1567,0,4.74,21031.05608
24,Guizhou,2009,7566.3297,10912.47,367.79,0,129.99,2.95,234.69,13.47,0,4.18,23037.85379
24,Guizhou,2010,8175.4334,10908.0964,380.44,0,143.36,8.94,264.66,14.43,0,4.19,23218.96085
24,Guizhou,2011,9067.8501,12084.973,402.88,0,145.23,10.84,304.97,16.04,0,4.758,25672.95955
24,Guizhou,2012,9878.3789,13328,382.26,0,158.3,13.27,336.03,4.68,0,5.2639,28092.69609
24,Guizhou,2013,9299,13650.74,423.46,0,195.4,21.8,378.7,0.51,7.09,8.42,29167.203
24,Guizhou,2014,9709,13117.6,375.31,0,217.38,30.1,380.34,0.12,11.36,10.62,28170.34105
24,Guizhou,2015,9344,12956.77,310.42,0.02,290.47,31.5,453.96,0.42,14.09,13.32,28192.90407
24,Guizhou,2016,9606,13678.92,253.42,0.02,313.65,38.64,440.49,0.52,14.54,17.11,29533.47323
24,Guizhou,2017,9846,13634.1,214.9,0,380.41,48.57,480.92,0.32,15.16,17.73,29703.16688
24,Guizhou,2018,10036,12008.04,209.54,0,437.87,56.68,571.07,0.4,22.33,30.82,27375.00242
24,Guizhou,2019,10423,12204.17,223.81,0,465.68,59.12,583.44,0.16,24.02,36.76,28048.44703
24,Guizhou,2020,10621.44,11658.89,248.69,0,484.53,49.45,598.02,0.5,8.58,39.11,27158.51859
24,Guizhou,2021,11263.82,14372.19,263.43,0,596.6,49.8,728.78,0.81,7.94,48.08,33283.40574
24,Guizhou,2022,10980.6384,14059.6,269.86,,605.59,32.34,732.52,0.69,6.6,53.93,32814.91808
25,Yunnan,1997,3429,3295,394.07,42.05,72.88,14.9,51.08,1.76,0,5.67,8060.157048
25,Yunnan,1998,3364,3162,405.88,49,76.93,16.78,52.5,3.37,0,4.89,7872.351937
25,Yunnan,1999,3288,2960,387.89,50.19,81.23,19.43,53.96,6.45,0,5.1,7480.041778
25,Yunnan,2000,3468.33,3062.04,360,0,90.79,19.24,55.46,11.17,0,5.17,7491.121941
25,Yunnan,2001,3490,3101,380.36,0,111.47,20.55,114.45,8.68,0,5.29,7865.155921
25,Yunnan,2002,4131,3556,590.14,0,97.6,18.95,179.35,8.53,0,5.14,9481.651716
25,Yunnan,2003,4450,4614,759.23,0,106.1,20.02,207.45,5.69,0,5.6,12091.85057
25,Yunnan,2004,5209.81,5688.54,1046.32,0.06,111.47,23.5,238.69,7.54,0,5.76,15087.43164
25,Yunnan,2005,6023.9691,6681.53,1223.36,0.0699,122.95,28.71,283.9,3.91,0,6.12,17666.37337
25,Yunnan,2006,6620.5652,7481.9969,1252.0053,0.07,128.116,35.0574,331.6599,4.7235,0,5.45,19439.66082
25,Yunnan,2007,7132.6323,7620.4527,1377.3886,0.11,158.1135,36.1842,382.147,5.04,0,5.4883,20310.81786
25,Yunnan,2008,7510.8201,7915.685,1331.4291,0.06,178.8639,38.1862,411.9512,5.2,0,5.2779,20895.20262
25,Yunnan,2009,8032.0617,8885.6124,1276.3331,0.065,193.2735,37.2361,437.6964,5.163,0,4.522,22683.29939
25,Yunnan,2010,8674.1701,9349.3955,1231.21,0.0595,232.4913,47.4437,562.0426,5.6152,0,3.6437,23948.46973
25,Yunnan,2011,9540.28,9663.9538,1218.4427,0.0202,250.337,51.1155,609.8416,2.5859,0,4.1999,24723.25722
25,Yunnan,2012,10433.6832,9850,1338.869,0.02,287.512,56.0632,650.888,2.61,0,4.3027,25674.31466
25,Yunnan,2013,10072,9783.09,1347.57,0.03,280.01,63.73,559.81,3.24,35.75,4.27,25403.47397
25,Yunnan,2014,10455,8674.67,1133.78,0.04,297.74,77.3,569.13,3.82,43.82,4.63,22841.97036
25,Yunnan,2015,10425,7756.37,874.33,0.03,368.35,82.39,596.17,2.51,40.81,6.34,20683.8589
25,Yunnan,2016,10726,7481.48,907.09,0.04,391.03,102.96,610.5,1.11,42.69,7.71,20459.01364
25,Yunnan,2017,11164,7396.26,952.31,401.96,395.84,113.82,610.83,0.57,43.44,9.69,21731.58496
25,Yunnan,2018,11590,7402.33,1064.75,1010.03,426.64,122.56,628.65,1.77,45.34,13,24154.14592
25,Yunnan,2019,12158,7532.73,1120.29,1086.58,467.34,127.65,673.37,0.23,86.84,16.47,25263.71209
25,Yunnan,2020,12981.94,8201.22,1216.96,1027.62,467.21,94.56,672.61,0.01,8.46,18.7,26334.33072
25,Yunnan,2021,13426.35,7926.43,1180.27,976.39,520.09,92.76,669.95,0.04,6.76,21.14,25741.06705
25,Yunnan,2022,14158.53445,7860.79,1121.45,1003.31,499.8,63.81,644.95,0.11,11.23,23.93,25379.68087
27,Shaanxi,1997,3111,3590,292.64,291.22,95.25,18.9,93.86,31.41,0,0.62,9278.054749
27,Shaanxi,1998,3022,3509,233.37,342.2,92.73,25.85,86.73,56.82,0,1.92,9208.879073
27,Shaanxi,1999,2668,2998,191.39,446.03,94.06,26.67,90.41,60.45,0,3.47,8494.13087
27,Shaanxi,2000,2731.23,2765.72,134.27,521.61,103.51,19.49,94.76,80.05,0,6.67,8268.471092
27,Shaanxi,2001,3257,3133,128.04,618.26,78.16,18.48,120.77,91.39,0,10.84,9369.988549
27,Shaanxi,2002,3713,3451,175.94,704.25,95,28.03,147.38,120.19,0,14.01,10691.44738
27,Shaanxi,2003,4170,3961,188.88,869.97,105.43,36.01,162.56,57.15,0,18.26,12191.45039
27,Shaanxi,2004,4775.96,4958.0558,249.65,1072.98,144.96,48.46,197.75,39.85,0,32.77,15394.06734
27,Shaanxi,2005,5571.3395,6049.117,251.1,1242.42,196.7,34.81,283.62,4.43,0,18.76,17943.91376
27,Shaanxi,2006,6129.365,7597.6,288.23,1488.94,178.16,34.8,311.69,0.99,0,28.43,21968.04548
27,Shaanxi,2007,6774.8594,8082.01,407,1608.85,286.77,1.78,279.89,1.13,0,41.34,23989.63064
27,Shaanxi,2008,7417.4563,8941.31,387.95,1764.73,219.133,15.6457,443.55,5.932,0,51.6036,26626.6978
27,Shaanxi,2009,8043.6,9496.5,655,1870.1,248.49,8.48,493.29,0.03,0,50.0093,28928.85971
27,Shaanxi,2010,8882.1118,11638.5304,731.25,2104.6086,255.2264,8.94,531.4995,0.1364,0,59.1914,34263.9873
27,Shaanxi,2011,9760.7686,13318,793.6778,2095.6687,279.6042,9.6736,573.7467,0.1557,0,62.4852,37882.64594
27,Shaanxi,2012,10625.7099,15774,895.445,2267.9582,287.0149,10.1073,586.4955,0.0912,0,65.9714,43498.85513
27,Shaanxi,2013,10610,17247.95,935.22,2230.64,220.98,32.27,521.87,21.7,22.71,70.3,46207.14979
27,Shaanxi,2014,11222,18375.34,975.07,2249.6,229.92,36.26,539.43,17.53,22.15,74.26,48683.9814
27,Shaanxi,2015,11746,18373.61,960.47,2101.1,243.51,34.48,409.39,13.81,22.82,92.35,48203.6306
27,Shaanxi,2016,12146,19392.24,830.38,1823.86,257.31,30.03,409.63,12.35,28.79,98.22,49098.38365
27,Shaanxi,2017,12549,20065.4,829.6,1853.57,277.42,50,373.81,19.46,28.94,103.16,50603.13684
27,Shaanxi,2018,12900,19395.89,769.12,1864.17,298.34,77.96,400.54,28.09,33.76,105.52,49511.58753
27,Shaanxi,2019,13478,21548.81,750.78,1837.74,305.88,91.12,377.11,8.51,33.16,122.86,53770.62987
27,Shaanxi,2020,13512.26,22594.58,796.68,1843.68,288.73,83.2,308.47,6.57,94.53,101.6,55345.0527
27,Shaanxi,2021,14515.23,27477.13,766.45,1856.17,297.26,82.89,318.15,6.91,101.68,119.38,65036.29169
27,Shaanxi,2022,16099.28057,29067.93,866.21,1925.92,288.59,43.31,325.8,7.6,100.38,147.95,69050.07552
28,Gansu,1997,2581,2374,152.1,785.79,63.21,3.96,77.45,74.8,0,0.64,8007.573988
28,Gansu,1998,2687,2374,144.57,803.95,70.32,3.99,69.73,69.02,0,2.14,8051.951158
28,Gansu,1999,2917,2395,168.18,794.09,81.7,3.34,63.7,69.22,0,0.14,8099.661056
28,Gansu,2000,3011.62,2480.38,179.28,880.88,98.41,3.73,91.82,58,0,0.85,8672.622498
28,Gansu,2001,2905,2551,176.67,887.1,103.96,5.28,100.8,50.12,0,1.19,8849.187396
28,Gansu,2002,3174,2798,177.4,935.32,97.37,5.3,71.17,30.39,0,2.76,9326.639854
28,Gansu,2003,3525,3219,181.78,1017.98,97.82,5.34,82.33,19.95,0,7.37,10491.36211
28,Gansu,2004,3907.74,3479.32,346.73,1154.76,77.47,6.8,105.9,15.48,0,8.53,11899.71413
28,Gansu,2005,4367.669,3750.67,424.41,1229.26,86.9,4.61,114.98,16.03,0,9.62,12936.9608
28,Gansu,2006,4743.0488,3959.09,469.36,1323.38,88.03,4.68,117.61,14.05,0,11.97,13802.04156
28,Gansu,2007,5109.2945,4468.92,561.56,1432.87,87.66,5.48,113.94,14.33,0,12.97,15377.76317
28,Gansu,2008,5346.3281,4682.87,544.17,1394.36,50.18,5.51,168.61,12.73,0,12.01,15652.15562
28,Gansu,2009,5481.5993,4478.5,540.33,1440.79,50.14,5.45,185.62,13.39,0,12.43,15456.57518
28,Gansu,2010,5923.1279,5389.569,541.6,1400.18,56.57,4.98,210.64,14.63,0,14.42,17210.67616
28,Gansu,2011,6495.7769,6303.32,601.28,1635.77,58.77,3.72,222.68,9.42,0,15.8539,19883.68411
28,Gansu,2012,7007.0411,6558,654.07,1544.21,65.8,5.23,258.03,9.25,0,20.2805,20471.85627
28,Gansu,2013,7287,6541.07,666.72,1575.63,122.89,5.1,375.35,4.29,7.06,23.23,21170.49682
28,Gansu,2014,7521,6715.87,692.97,1467.85,128.98,5.62,374.8,7.05,7.07,25.2,21321.30738
28,Gansu,2015,7489,6585.06,590,1446.5,171.2,5.86,299.5,4.97,9.19,26.04,20622.94646
28,Gansu,2016,7300,6348.4,503.86,1367.29,210.55,8.16,305.95,3.33,11.07,26.4,19838.01634
28,Gansu,2017,7504,6336.36,457.89,1460.11,211.28,8.02,304.26,2.87,11.05,28.91,20013.20854
28,Gansu,2018,7823,6819.03,476.83,1453.98,202.48,9.8,289.55,3.84,15.54,31.17,20966.04909
28,Gansu,2019,7818,6810.16,525.68,1479.96,208.78,10.49,281.82,3.47,23.98,32.93,21227.02288
28,Gansu,2020,8104.71,7245.45,582.27,1483.92,209.57,7.6,281.55,2.23,3.29,35.38,22205.65871
28,Gansu,2021,8434.23,8022.49,595.19,1487.54,223.71,7.53,249.14,1.67,3.69,37.49,23716.05379
28,Gansu,2022,8667.89,8731.79,613.78,1471.87,191.13,7.53,290.16,1.4,3.81,39.01,25133.85929
29,Qinghai,1997,707,550,13.11,51.68,20.84,0.14,10.27,9.06,0,2.2,1408.259163
29,Qinghai,1998,739,538,13,55.48,17.72,0.13,10.95,8.78,0,2.68,1399.05596
29,Qinghai,1999,939,637,12.81,59.12,17.61,0.08,17.93,3.12,0,3.47,1617.883318
29,Qinghai,2000,897.2,522.2,15.59,62.17,16.31,0.06,19.29,6.93,0,3.91,1438.850266
29,Qinghai,2001,930,642,17.44,65.4,17.61,0,18.59,4.86,0,5.85,1718.382048
29,Qinghai,2002,989,620,17.88,62.43,16.1,0,18.64,4.2,0,11.27,1779.697664
29,Qinghai,2003,1066,675,30.27,66.73,17.16,0,22.63,3.9,0,15.15,2031.035487
29,Qinghai,2004,1364.4,680.05,41.23,83.41,16.81,0,23.93,2.2,0,17.91,2179.639027
29,Qinghai,2005,1670.3558,949.1779,47.0236,95.0469,12.9201,0.0051,62.2152,0.019,0,11.0169,2693.977466
29,Qinghai,2006,1903.3868,1082.2738,93.2307,104.2875,15.2649,0,61.658,0.0616,0,13.2734,3161.0225
29,Qinghai,2007,2095.0206,1290.5,116.2361,110.1471,18.3621,2.0592,73.067,0.2164,0,14.304,3713.586884
29,Qinghai,2008,2279.1503,1316.4514,150.1608,109.2019,21.3772,0.397,78.3808,0.1277,0,22.9023,4062.970777
29,Qinghai,2009,2348.1738,1309.5423,185.5628,82.0268,23.1739,0.1577,87.1067,0.16,0,24.5566,4136.450743
29,Qinghai,2010,2568.2636,1270.6803,160.1263,127.9792,26.192,0.1731,89.8876,0.12,0,23.723,4127.961167
29,Qinghai,2011,3189.0302,1508.2179,156.0279,156.2519,28.971,0.1917,102.3691,0.0971,0,32.0527,4879.878541
29,Qinghai,2012,3524.06,1859,196.3254,145.4357,29.9054,0,106.1633,0.1656,0,40.114,5817.489709
29,Qinghai,2013,3768,2073.15,230.22,146.19,32.85,0,110.77,0.12,9.27,41.56,6406.41402
29,Qinghai,2014,3992,1816.51,253.22,143.34,37.17,0,113.73,0.04,9.86,40.59,5978.305381
29,Qinghai,2015,4125,1508.12,249.21,154.33,44.96,0.01,114.53,0.03,9.12,44.38,5518.907754
29,Qinghai,2016,4101,1962.4,228.44,149.45,56,0.01,128.92,0.1,9.86,46.25,6427.820411
29,Qinghai,2017,4193,1747.01,219,152.53,60.05,0.02,152.26,0.22,10.72,49.56,6159.566912
29,Qinghai,2018,4364,1639.64,233.12,142.51,62.08,0.02,159.36,0.18,9.09,51.25,6024.936049
29,Qinghai,2019,4235,1541.92,236.06,156.45,66.78,0.02,169.08,0.2,10.09,52.12,5955.565955
29,Qinghai,2020,4150.36,1396.38,231.98,152.43,152.43,74.76,0.55,154.26,0.08,46.09,5937.241118
29,Qinghai,2021,4694.47,1667.77,277.75,143.47,81.95,0.6,167.71,0.17,0.1,51.43,6270.652939
29,Qinghai,2022,4798.039998,1723.87,245.6,152.44,76.5,0.59,172.87,0.19,0.07,44.67,6166.197714
30,Ningxia,1997,805,1093,29.36,83.74,10.14,0.01,11.39,29.9,0,0.03,2574.454946
30,Ningxia,1998,827,1087,11.96,87.59,10.34,0.06,12.75,28.38,0,0.11,2526.760055
30,Ningxia,1999,848,1042,28.91,92.62,10.5,0.04,11.22,33.13,0,0.12,2515.890342
30,Ningxia,2000,1179.43,1041.89,28.91,92.62,10.5,0.04,11.22,33.13,0,0.12,2515.681309
30,Ningxia,2001,1278.715,1682.926667,36.60666667,128.5466667,14.53333333,0.026666667,25.16,26.08666667,0,3.446666667,3968.845665
30,Ningxia,2002,1378,2323.963333,44.30333333,164.4733333,18.56666667,0.013333333,39.1,19.04333333,0,6.773333333,5422.01002
30,Ningxia,2003,2015,2965,52,200.4,22.6,0,53.04,12,0,10.1,6875.174376
30,Ningxia,2004,2322.23,2761.19,114.83,159.1,35.49,4.13,68.94,3.98,0,6.77,6544.787421
30,Ningxia,2005,2536.0792,3276.66,69.72,167.05,24.49,2.01,68.02,1.8,0,6.63,7367.942152
30,Ningxia,2006,2829.783,3519.41,126.16,174.42,19.07,2.2492,82.11,0.98,0,7.94,8067.150218
30,Ningxia,2007,3077.2631,4088.78,65.08,156.78,19.06,2.812,88.28,0.53,0,8.99,8963.179745
30,Ningxia,2008,3229.2575,4286.97,237.98,183.749,20.66,3.72,96.51,1.98,0,11,9996.778776
30,Ningxia,2009,3387.6541,4780.8623,250.9972,182.6507,20.9515,4.2289,98.5739,0.5169,0,11.9774,10994.50573
30,Ningxia,2010,3681.098,5764.9207,228.8988,175.7692,22.6833,5.1611,105.8208,39.7648,0,15.4751,13011.07214
30,Ningxia,2011,4316.3303,7946.962,357.441,91.7064,20.8017,6.5845,104.0423,36.6645,0,18.5777,17321.92758
30,Ningxia,2012,4562.3895,8055,377.5533,424.1172,23.3611,7.3234,111.3225,20.62,0,20.4807,18611.16909
30,Ningxia,2013,4781,8533.51,417.96,463.31,20.04,0.12,117.91,39.51,6.9,19.57,19805.05518
30,Ningxia,2014,4946,8857,386.87,426.15,21.77,0.03,123.38,30.19,2.18,17.88,20159.57583
30,Ningxia,2015,5438,8928.41,488.53,477.12,37.08,0.02,119.25,50.83,17.38,20.05,20931.56264
30,Ningxia,2016,5591,8680.01,450.61,576.35,23.19,0.02,115.4,82.15,45.26,22.4,20834.92429
30,Ningxia,2017,6461,11046.2,524.01,591.37,21,0.01,120.2,87.37,62.46,19.99,25612.94293
30,Ningxia,2018,7100,12711.22,578.06,448.7,18.77,0.02,117.63,80.48,82.89,20.96,28548.70101
30,Ningxia,2019,7648,13724.01,626.57,459.61,19.63,0.01,120.58,141.05,110.26,25.35,31028.74546
30,Ningxia,2020,7933,14628.85,764.82,380.97,20.88,0.01,115.94,155.98,1.18,29.39,32691.9119
30,Ningxia,2021,8047.9,15181,820.95,556.71,21.05,0.05,121.48,143.17,1.01,28.37,34387.00261
30,Ningxia,2022,8679,16307.45,841.95,459.84,18.85,0.15,115.13,134.57,1.13,26.67,36205.61453
31,Xinjiang,1997,3230,2589,74.55,943.71,97.37,18.39,125.06,108.94,0,19.34,9474.855864
31,Xinjiang,1998,3280,2604,78.77,1024.03,99.26,19.45,131.59,91.56,0,20.29,9752.316756
31,Xinjiang,1999,3215,2580,74,1005.45,86.22,18.44,131.78,56.65,0,22.29,9528.75172
31,Xinjiang,2000,3327.63,2702.4,74.06,1071.29,101.93,21.31,155.28,56.59,0,23.44,10112.41318
31,Xinjiang,2001,3496,2734,73.02,1076.34,86.35,23.73,166.63,52.04,0,34.64,10409.32873
31,Xinjiang,2002,3723,2898,83.06,1128.01,86.7,16.61,169.55,34.21,0,34.57,10836.20265
31,Xinjiang,2003,4177,3184,86.61,1189.14,91.35,15.61,181.55,46.52,0,40.55,11790.58612
31,Xinjiang,2004,4909.66,3631.79,126.88,1314.13,110.91,18.2,196.14,20.11,0,54.01,13451.58543
31,Xinjiang,2005,5506.4922,3854.19,179.18,1628.77,106.73,26.12,302.76,17.32,0,56.04,15350.88092
31,Xinjiang,2006,6047.2716,4436.21,230.6,1813.64,117.82,30.88,341.014,19.31,0,65.04,17528.47104
31,Xinjiang,2007,6575.9186,4943.69,284.75,1873.37,124.51,33.28,378.39,22.26,0,69.81,19083.14992
31,Xinjiang,2008,7069.3886,5708.56,456.12,1940.53,123.66,38.15,335.44,27.34,0,69.84,21125.67535
31,Xinjiang,2009,7525.558,7417.71,528.24,1997.9,121.87,31.4,331.7,22.37,0,67.93,24658.87083
31,Xinjiang,2010,8290.2017,8106.35,648.21,2308.44,131.17,33.33,363.72,14.95,0,80.15,27621.36955
31,Xinjiang,2011,9926.5031,9745.08,880.23,2598.46,138.84,37.32,390.52,2.4,0,95.0224,32674.20842
31,Xinjiang,2012,11831.3864,12028,1011.07,2594.85,154.63,45.34,433.35,8.06,0,101.9505,37746.55127
31,Xinjiang,2013,13632,14205.5,1110.05,2560.76,209.36,22.93,545.89,13.19,49.3,127.41,43225.15762
31,Xinjiang,2014,14926,16088.03,1073.73,2693.05,215.84,22.57,561.52,6.22,45.89,169.87,48049.80396
31,Xinjiang,2015,15666,18119.78,748.59,2489.49,234.82,46.93,537.18,1.76,31.37,136.82,49645.79788
31,Xinjiang,2016,16302,19245.92,801.03,2452.8,245.89,57.08,546.57,0.99,38.83,130.64,51804.13999
31,Xinjiang,2017,17386,20437.23,1003.89,2532,282.06,78.04,600.92,0.37,56.47,122.49,55101.28432
31,Xinjiang,2018,17694,21790.02,995.29,2404.54,297.83,66.3,577.68,0.48,49.47,130.85,57360.58706
31,Xinjiang,2019,18490,23702.13,1016.41,2376.51,307.42,61.44,591.8,0.76,39.2,131.09,61001.25188
31,Xinjiang,2020,18981.8,25504.36,1018.67,2471.55,257.1,51.03,505.34,0.69,0.44,138.55,64314.12646
31,Xinjiang,2021,19852.47618,29160.52,1054.12,2529.32,289.94,48.03,519.41,0.52,0.78,153.07,71982.83747
31,Xinjiang,2022,20723.15237,29942.69,1013.62,2529.3,237.77,50.87,544.49,0.8,0.82,156.63,73364.88943
