Year,Province,"Raw coal output (10,000 tons)","Coke output (10,000 tons)","Crude oil production (10,000 tons)","Fuel oil output (10,000 tons)","Gasoline output (10,000 tons)","Kerosene output (10,000 tons)","Diesel output (10,000 tons)",Natural gas production (billion cubic meters),Electricity production (billion kilowatt-hours),Hydropower (billion kilowatt-hours),Thermal power generation (billion kilowatt-hours),Hydro (%),Thermal (%),Renewable energy (%)
1991,Anhui,3084,260.57,3,58.64,58.47,,84.14,,215.52,15.11,200.31,7.00%,92.90%,0.00%
1995,Anhui,4444.19,293,,48.48,74.11,,98.87,,310,11.39,297.94,3.70%,96.10%,0.20%
1996,Anhui,5086,295.59,8.03,32.7,79.27,,120.06,,325.82,11.64,314.18,3.60%,96.40%,0.00%
1997,Anhui,4897,299.9,9.01,38.35,74.47,,114.03,,329.33,9.69,319.63,2.90%,97.10%,0.00%
1998,Anhui,4502,292.44,,22.66,56.77,,115.62,,308.82,9.91,298.91,3.20%,96.80%,0.00%
1999,Anhui,4522,304.18,,13.61,69.82,,129.93,,308.16,9.61,298.54,3.10%,96.90%,0.00%
2000,Anhui,4678.31,330,,10.68,79.38,,151.85,,355,4.58,350.87,1.30%,98.80%,-0.10%
2001,Anhui,5524.98,349.29,,5.67,63.29,,129.15,,398.62,8.41,381.22,2.10%,95.60%,2.30%
2002,Anhui,6137.84,351.03,,7.44,66.86,,134.89,,465.66,10.51,455.15,2.30%,97.70%,0.00%
2003,Anhui,6726.41,367.31,,2.19,71.9,,146.31,,557.15,15.6,541.6,2.80%,97.20%,0.00%
2004,Anhui,8147.86,438.15,,10.69,86.99,,181.39,,607.1,18.11,587.58,3.00%,96.80%,0.20%
2005,Anhui,8487.96,488,,8.3,86,,177.36,,648,12.52,636.37,1.90%,98.20%,-0.10%
2006,Anhui,8331.9,509.42,,8.07,86.91,,193.75,,734.39,15.72,718.67,2.10%,97.90%,0.00%
2007,Anhui,9265.65,684.15,,13.41,89.38,,188.2,,873.43,19.67,853.76,2.30%,97.70%,0.00%
2008,Anhui,11649.49,765.11,,13.64,87.87,,177.95,,1124.83,28.14,1096.32,2.50%,97.50%,0.00%
2009,Anhui,12848.55,773.14,,16.57,97.49,,184.93,,1320.24,16.39,1300.24,1.20%,98.50%,0.30%
2010,Anhui,,875,,12.44,97,,196,,1444,18.85,1420.18,1.30%,98.40%,0.30%
2011,Anhui,,869,,7.9,96.3,,208.2,,1635,17.9,1609.86,1.10%,98.50%,0.40%
2012,Anhui,,899,,6,83,,180,,1771,19.6,1744.11,1.10%,98.50%,0.40%
2013,Anhui,,904,,4.6,126.88,,225.14,,1970,34.15,1928.35,1.70%,97.90%,0.40%
2014,Anhui,12804,930,,4.6,230.85,,303.32,,2074,40.51,2017.84,2.00%,97.30%,0.80%
2015,Anhui,13404,958,,1.81,216.55,0.44,280.04,,2062,48.67,1988.11,2.40%,96.40%,1.20%
2016,Anhui,12236,973,,1.23,176.38,12.98,197.47,3.38,2253,63.17,2134.69,2.80%,94.70%,2.40%
2017,Anhui,11724,1058,,0.53,243.43,34.83,251.88,2.6,2478,57.13,2319.56,2.30%,93.60%,4.10%
2018,Anhui,11412,1130,,3.53,269.61,40.37,183.4,2.25,2741,53.84,2533.74,2.00%,92.40%,5.60%
2019,Anhui,10989,1167,,5.67,249.15,39.57,181.57,2.12,2887,51.09,2663.97,1.80%,92.30%,6.00%
2020,Anhui,11084,1228,,13.64,256.16,46.83,183.93,2.24,2809,66.21,2555.84,2.40%,91.00%,6.70%
2021,Anhui,11274,1253,,23.65,283.87,55.01,168.73,2.32,3083,80.72,2741.26,2.60%,88.90%,8.50%
2022,Anhui,11177,1298,,24.47,219.28,36.14,134.44,2.46,3299,72.12,2903.29,2.20%,88.00%,9.80%
1991,Beijing,997,338.14,,242.89,134.71,2.91,88.65,,131.78,2.21,129.36,1.70%,98.20%,0.20%
1995,Beijing,995.4,401,,220.31,101.95,0.26,79.2,,132,3.18,128.18,2.40%,97.10%,0.50%
1996,Beijing,1014,399.66,,175.33,122.19,0.18,96.07,,141.56,8.03,133.22,5.70%,94.10%,0.20%
1997,Beijing,1012,399.39,,162.4,127.06,0.65,109.19,,146.43,9.19,136.29,6.30%,93.10%,0.60%
1998,Beijing,989,405.65,,120.76,118.06,0.02,117.13,,144.53,9.23,135.31,6.40%,93.60%,0.00%
1999,Beijing,792,395.93,,80.87,124.27,0.03,170.07,,143.18,8.74,134.44,6.10%,93.90%,0.00%
2000,Beijing,553,402,,78.95,146.2,,183.92,,145,8.64,136.62,6.00%,94.20%,-0.20%
2001,Beijing,690.22,396.36,,70.8,146.69,,186.74,,133.28,1.64,130.35,1.20%,97.80%,1.00%
2002,Beijing,880.95,357.44,,68.32,154.12,,174.05,,141.98,4.1,136.18,2.90%,95.90%,1.20%
2003,Beijing,822.57,362.39,,69.21,151.44,,170.17,,192.16,6.52,185.64,3.40%,96.60%,0.00%
2004,Beijing,1067.96,362.04,,73.36,169.77,8.11,180.74,,203.89,3.96,198.07,1.90%,97.10%,0.90%
2005,Beijing,897.92,344,,75.29,170.9,12.36,199.41,,213,4.71,209.8,2.20%,98.50%,-0.70%
2006,Beijing,651.07,253.57,,70.02,172.93,11.6,204.78,,214.85,4.94,207.05,2.30%,96.40%,1.30%
2007,Beijing,648.8,176.99,,50.57,181.72,36.39,270.89,,228.08,4.93,223.15,2.20%,97.80%,0.00%
2008,Beijing,578.62,170.33,,42.33,215.53,85.23,373.28,,243.35,0.36,242.99,0.10%,99.90%,0.00%
2009,Beijing,641.25,166.14,,29.58,272.55,111.61,364.24,,242.65,0.37,241.04,0.20%,99.30%,0.50%
2010,Beijing,,161,,35.08,257.1,116.1,350.4,,269,4.4,261.8,1.60%,97.30%,1.00%
2011,Beijing,,,,21.4,251.2,126.4,355.7,,263,4.48,255.5,1.70%,97.10%,1.10%
2012,Beijing,,,,18.4,261.9,132.9,319.1,,291,4.38,283.2,1.50%,97.30%,1.20%
2013,Beijing,,,,22.76,243.31,99.38,247.15,7.5,336,4.72,327.88,1.40%,97.60%,1.00%
2014,Beijing,457,,,12.08,299.49,152.31,266.95,12.8,369,6.82,359.04,1.80%,97.30%,0.90%
2015,Beijing,450,,,4.11,297.98,160,208.62,16.88,421,6.64,411.16,1.60%,97.70%,0.80%
2016,Beijing,318,,,2.79,267.26,149.79,189.57,21.68,434,12.29,417.76,2.80%,96.30%,0.90%
2017,Beijing,255,,,3.89,273.67,190.77,169.84,15.41,397,11.25,379.7,2.80%,95.60%,1.50%
2018,Beijing,176,,,4.16,276.21,187.57,159.77,17.28,451,9.91,434.33,2.20%,96.30%,1.50%
2019,Beijing,36,,,0.72,285.45,191.3,173.11,14.55,464,10.19,445.71,2.20%,96.10%,1.70%
2020,Beijing,,,,4.82,208.55,103.06,160.41,19.98,457,11.46,436.09,2.50%,95.40%,2.10%
2021,Beijing,,,,3.59,227.31,106.33,139.96,4.28,473,13.66,448.68,2.90%,94.90%,2.30%
2022,Beijing,,,,1.06,201.68,76.15,169.55,8,467,9.43,443.57,2.00%,95.00%,3.00%
1991,Fujian,857,31.36,,,,,0,,151.76,62.72,89.03,41.30%,58.70%,0.00%
1995,Fujian,1134.18,39,,10.44,81.49,3.49,85.15,,262,154.91,106.6,59.10%,40.70%,0.20%
1996,Fujian,1168,42.97,,12.67,,6.09,96.6,,284.1,150.87,133.22,53.10%,46.90%,0.00%
1997,Fujian,776,43.53,,13.7,,4.61,122.74,,310.18,194.13,116.05,62.60%,37.40%,0.00%
1998,Fujian,727,44.52,,28.55,,5.44,96.63,,321.92,184.81,137.11,57.40%,42.60%,0.00%
1999,Fujian,459,44.61,,6.07,86.69,7.36,138.61,,356,183.83,172.17,51.60%,48.40%,0.00%
2000,Fujian,375.03,45,,10.01,102.22,8.64,161.49,,404,195.22,208.45,48.30%,51.60%,0.10%
2001,Fujian,1063,45.04,,3.75,98.34,5.61,161.26,,501.24,287.75,211.7,57.40%,42.20%,0.40%
2002,Fujian,644.51,45.77,,11.56,96.48,4.93,147.08,,533.08,224.35,308.5,42.10%,57.90%,0.00%
2003,Fujian,778.22,49.09,,19.27,103.48,5.24,147.38,,610.7,188.99,421.46,30.90%,69.00%,0.00%
2004,Fujian,1492.61,68.69,,105.1,108.72,5.64,174.44,,674.64,184.84,489.52,27.40%,72.60%,0.00%
2005,Fujian,1823.66,91,,8.86,95.19,5.81,150.34,,778,291,486.88,37.40%,62.60%,0.00%
2006,Fujian,1932.77,91.12,,20.73,102.63,6.31,155.89,,904.25,346.82,555.8,38.40%,61.50%,0.20%
2007,Fujian,2050,90.89,,22.75,98.55,5.55,135.51,,1038.28,311.59,723.63,30.00%,69.70%,0.30%
2008,Fujian,2350.19,99.88,,18.85,83.36,6.41,112.86,,1127.27,399.61,715.97,35.40%,63.50%,1.00%
2009,Fujian,2466.13,117.93,,31.02,122.38,32.28,273.5,,1170.71,275.92,882.3,23.60%,75.40%,1.10%
2010,Fujian,,143,,2.6,149.6,94.7,388,,1356,453.69,890.43,33.50%,65.70%,0.90%
2011,Fujian,,151,,3.7,137.1,106.8,253.2,,1580,285.2,1272.58,18.10%,80.50%,1.40%
2012,Fujian,,190,,4.3,170.3,103.2,327.7,,1623,476.2,1118.97,29.30%,68.90%,1.70%
2013,Fujian,,167,,21.75,149.38,79.34,283.36,,1777,402.68,1263.03,22.70%,71.10%,6.30%
2014,Fujian,1589,196,,53.48,324.3,118.4,559.96,,1907,454.4,1268.92,23.80%,66.50%,9.60%
2015,Fujian,1591,152,,68.75,391.3,274.82,506.29,,1901,466.07,1092.25,24.50%,57.50%,18.00%
2016,Fujian,1384,127,,35.81,394.15,359.34,422.46,,2007,644.39,900.2,32.10%,44.90%,23.00%
2017,Fujian,1130,158,,29.79,368.65,332.32,388.11,,2226,463.66,1132.44,20.80%,50.90%,28.30%
2018,Fujian,941,174,,28.68,372.29,356.58,486.48,,2479,351.17,1398.71,14.20%,56.40%,29.40%
2019,Fujian,846,202,,63.79,407.78,399.12,571.75,,2578,442.35,1411.24,17.20%,54.70%,28.10%
2020,Fujian,659,223,,168.28,318.87,386.89,389.24,,2651,291.77,1565.31,11.00%,59.00%,29.90%
2021,Fujian,548,225,,182.22,342.84,339.63,353.74,,2951,274.28,1722.42,9.30%,58.40%,32.30%
2022,Fujian,445,222,,176.98,340.51,209.3,461.15,,3089,386.95,1601.13,12.50%,51.80%,35.60%
1991,Gansu,1543,82.93,161.81,90.86,90.9,31.95,98.99,0.68,188.05,93.69,94.36,49.80%,50.20%,0.00%
1995,Gansu,2466.13,95,267.8,101.21,166.84,38.64,188.59,1.13,238,96.18,141.56,40.40%,59.50%,0.10%
1996,Gansu,2221,87.1,172.79,93.75,178.12,43.79,203.73,2971,235.65,84.32,151.33,35.80%,64.20%,0.00%
1997,Gansu,2293,102.27,185.86,99.1,195.52,43.8,231.44,3047,246.42,82.48,163.91,33.50%,66.50%,0.00%
1998,Gansu,2316,101.94,201.47,87.27,191.23,4.12,227.71,2847,250,92.57,157.41,37.00%,63.00%,0.00%
1999,Gansu,1892,120.03,42.75,80.38,137.56,44.05,247.92,0.11,262.42,117.47,144.92,44.80%,55.20%,0.00%
2000,Gansu,1632.71,126,55.3,91.65,150.92,55.88,276.23,0.2,254,102.54,150.98,40.40%,59.40%,0.20%
2001,Gansu,1819.05,131.21,53.66,70.94,166.42,49.17,303.78,0.37,302.55,117.97,184.13,39.00%,60.90%,0.10%
2002,Gansu,2089.21,117.39,63.24,66.33,168.5,42.44,336.94,0.87,340.18,105.74,234.26,31.10%,68.90%,0.10%
2003,Gansu,2603.27,136.18,73.44,71.48,193.71,35.39,364.34,0.21,404.87,108.07,295.95,26.70%,73.10%,0.20%
2004,Gansu,3539.98,149.64,77.04,73.38,226.94,42.76,442.53,0.2,455.34,119.42,334.71,26.20%,73.50%,0.30%
2005,Gansu,3619.84,222,78.9,39.57,229.3,49.61,535.67,0.84,506,165.57,339.7,32.70%,67.10%,0.10%
2006,Gansu,3950.62,275.38,81.65,21.51,239.14,48.57,585.65,1.53,530.13,170.45,357.38,32.20%,67.40%,0.40%
2007,Gansu,3949.34,249.39,82.88,26.42,276.04,48.53,597.39,0.63,618.85,189.08,424.37,30.60%,68.60%,0.90%
2008,Gansu,4022.24,241.49,74.94,21.19,289.31,49.58,594.76,1.43,697.71,188.72,479.27,27.00%,68.70%,4.30%
2009,Gansu,3875.59,244.69,49.23,8.78,314.44,50.69,641.83,0.29,696.65,250.21,432.45,35.90%,62.10%,2.00%
2010,Gansu,,244,58.2,20.57,287.9,32.3,619.9,0.2,792,262.32,502.29,33.10%,63.40%,3.50%
2011,Gansu,,263,62.6,15.5,398.6,31.7,736,0.2,1028,252,709.9,24.50%,69.10%,6.40%
2012,Gansu,,338,69.9,19.8,375,39.4,685,0.2,1103,294.67,717.5,26.70%,65.00%,8.20%
2013,Gansu,,458,72.8,22.67,390.18,75.29,660.54,0.17,1202,332.98,734.64,27.70%,61.10%,11.20%
2014,Gansu,4753,583,71.2,25.11,381.23,63.99,628.39,0.15,1241,354.18,731.51,28.50%,58.90%,12.50%
2015,Gansu,4400,525,66.6,16.92,395.48,74.21,584.38,0.08,1242,335.98,719.76,27.10%,58.00%,15.00%
2016,Gansu,4254,509,40.4,6.78,388.28,82.04,526.28,0.06,1214,313.51,704.18,25.80%,58.00%,16.20%
2017,Gansu,3738,472,47,2.28,424.83,108.52,532.6,0.6,1303,350.58,694.45,26.90%,53.30%,19.80%
2018,Gansu,3630,384,51.8,3.91,418.93,112.32,531.39,1.03,1540,411.37,803.44,26.70%,52.20%,21.10%
2019,Gansu,3685,449,903.5,3.3,433.49,115.4,548.82,1.58,1631,496.12,787.82,30.40%,48.30%,21.30%
2020,Gansu,3859,517,968.7,2.21,450.78,86.52,542.53,3.9,1762,506.81,875.95,28.80%,49.70%,21.50%
2021,Gansu,4407,500,1029.1,2.95,477.97,100.51,511.3,4.18,1897,451.8,1006.78,23.80%,53.10%,23.10%
2022,Gansu,5414,495,1092.2,5.34,429.37,75.34,562.28,5.44,1954,374.65,1051.28,19.20%,53.80%,27.00%
1991,Guangdong,933,53.35,153.63,251.8,214.07,69.5,249.29,,394.93,59.17,335.73,15.00%,85.00%,0.00%
1995,Guangdong,1069.38,54,651,214.73,286.47,72.28,377.36,1.03,821,131.1,583.62,16.00%,71.10%,12.90%
1996,Guangdong,962,55.07,1288.5,143.84,90.39,98.11,409.54,222733,908.66,127.56,659.63,14.00%,72.60%,13.40%
1997,Guangdong,840,54.7,1418.07,106.89,94.41,102.06,412.56,367993,981.15,153.84,702.98,15.70%,71.60%,12.70%
1998,Guangdong,300,54.1,1361.43,81.11,98.36,102.42,400.84,345855,1004.37,125.32,748.91,12.50%,74.60%,13.00%
1999,Guangdong,203,54.16,1284.22,92.83,312.93,122.91,530.01,37.51,1104.38,84.71,877.22,7.70%,79.40%,12.90%
2000,Guangdong,161.71,54,1393.2,186.13,331.5,147.68,654.02,34.6,1293,106.11,1038.61,8.20%,80.30%,11.50%
2001,Guangdong,462.72,53.85,1238.11,171.12,323.81,155.83,685.33,32.87,1417.65,189.74,1075.18,13.40%,75.80%,10.80%
2002,Guangdong,168.71,54.72,1264.46,181.65,356.64,160.45,685.59,31.55,1525.53,108.62,1209.57,7.10%,79.30%,13.60%
2003,Guangdong,202.34,56.06,1275.7,246.04,371.44,145.23,716.37,26.88,1882.68,180.02,1399.46,9.60%,74.30%,16.10%
2004,Guangdong,557.35,90.62,1481.9,279.49,400.73,165.25,867.05,42.82,2141.23,192.13,1661.26,9.00%,77.60%,13.40%
2005,Guangdong,383.38,125,1470,248.08,367.23,156.29,875.28,44.75,2279,207.74,1764.53,9.10%,77.40%,13.50%
2006,Guangdong,,124.56,1337.78,305.83,401.37,164.21,994.26,48.95,2465.82,267.99,1884.29,10.90%,76.40%,12.70%
2007,Guangdong,,94.39,1261.13,266.85,417.43,204.81,1033.53,52.48,2731.97,241.03,2187.24,8.80%,80.10%,11.10%
2008,Guangdong,10.5,136.14,1387.72,380.68,459.84,188.59,1187.35,60.78,2716.25,388.31,1968.54,14.30%,72.50%,13.20%
2009,Guangdong,,190.93,1345.14,166.29,538.74,298.61,1287.36,58.43,2757.61,269.34,2157.62,9.80%,78.20%,12.00%
2010,Guangdong,,195,1287.1,156.38,635.7,344,1531,78.4,3237,348.86,2487.86,10.80%,76.90%,12.40%
2011,Guangdong,,194,1152.8,130.8,635.5,366.1,1551.7,83.3,3802,331.03,3017.97,8.70%,79.40%,11.90%
2012,Guangdong,,178,1209.3,192.2,674.1,399.1,1539.9,83.5,3764,367.31,2880.99,9.80%,76.50%,13.70%
2013,Guangdong,,178,1291.8,333.01,759.68,438.34,1580.73,75.26,3875,388.81,2973.41,10.00%,76.70%,13.20%
2014,Guangdong,,193,1245.4,254.55,873.16,535,1503.74,83.66,4013,407.14,3019.24,10.10%,75.20%,14.60%
2015,Guangdong,,244,1572.6,190.92,885.73,641.13,1419.41,96.57,4035,436.76,2934.43,10.80%,72.70%,16.50%
2016,Guangdong,,483,1556.3,204.66,904.67,682.88,1376.46,79.25,4170,443.34,2971.7,10.60%,71.30%,18.10%
2017,Guangdong,,591,1435.2,186.12,946.76,713.39,1370.6,89.23,4517,319.21,3327.59,7.10%,73.70%,19.30%
2018,Guangdong,,574,1393.5,166.8,1153.08,828.92,1603.9,102.5,4716,255.65,3467.52,5.40%,73.50%,21.10%
2019,Guangdong,,591,1507.5,178.74,1165.5,840.45,1469.2,112.08,5051,391.01,3433.89,7.70%,68.00%,24.30%
2020,Guangdong,,597,1613.1,391.1,1206.19,668.74,1592.53,131.59,5226,285.42,3603.12,5.50%,68.90%,25.60%
2021,Guangdong,,620,1744.7,644.22,1417.41,633.73,1649.54,132.48,6306,224.41,4638.57,3.60%,73.60%,22.90%
2022,Guangdong,,735,1884.6,568.28,1371.76,532.74,1964.18,124.39,6366,344.41,4469.17,5.40%,70.20%,24.40%
1991,Guangxi,993,48.54,13,1.01,1.1,,1.69,,135.55,63.72,71.83,47.00%,53.00%,0.00%
1995,Guangxi,1391.42,64,3.6,3.6,15.09,0.55,14.98,,217,138.3,78.99,63.70%,36.40%,-0.10%
1996,Guangxi,1252,65.08,10.61,3.67,298.72,0.26,17.6,,226.14,138.79,87.35,61.40%,38.60%,0.00%
1997,Guangxi,1114,69.46,8.64,4.29,312.82,0.48,17.81,132,237.26,156.58,80.68,66.00%,34.00%,0.00%
1998,Guangxi,1015,71.1,3.15,4.55,315.98,0.76,20.36,,245,146.8,98.2,59.90%,40.10%,0.00%
1999,Guangxi,816,64.3,3.5,3.93,15.33,0.1,22.92,,253.42,153.95,99.47,60.70%,39.30%,0.00%
2000,Guangxi,706.67,61,3.3,4.37,15.64,0.05,24.92,,289,168.87,120.21,58.40%,41.60%,0.00%
2001,Guangxi,613.52,67.35,3.25,4.24,15.02,0.05,26.44,,292.31,176.09,116.21,60.20%,39.80%,0.00%
2002,Guangxi,463.51,77.99,3.52,7.22,15.87,0.01,25.36,,307.74,184.12,123.61,59.80%,40.20%,0.00%
2003,Guangxi,417.14,99.44,3.28,10.58,15.84,0.01,24.15,,362.91,192.63,170.28,53.10%,46.90%,0.00%
2004,Guangxi,589.19,152.17,3.59,17.47,16.24,,27.93,,378.49,185.41,192.02,49.00%,50.70%,0.30%
2005,Guangxi,700.34,223,3.4,9.16,19.38,0.01,36.33,,446,195.82,250.23,43.90%,56.10%,0.00%
2006,Guangxi,680.53,249.7,3.39,9.48,24.84,,42.37,,523.34,243.69,279.67,46.60%,53.40%,0.00%
2007,Guangxi,721.48,256.32,2.88,37.82,29.58,,47.46,,682.81,323.52,355.89,47.40%,52.10%,0.50%
2008,Guangxi,451.17,310.11,2.86,32.81,31.48,,38.9,8.54,868.53,522.97,301.26,60.20%,34.70%,5.10%
2009,Guangxi,519.72,360.17,2.89,20.3,37.91,2.9,44.85,,944.45,516.77,409.51,54.70%,43.40%,1.90%
2010,Guangxi,,392,2.7,30.82,77.3,3.3,145.5,,1032,475.26,543.73,46.10%,52.70%,1.30%
2011,Guangxi,,411,2.3,60.8,229.7,18.4,474.8,,1039,415.49,623.02,40.00%,60.00%,0.00%
2012,Guangxi,,420,2.3,72.7,300.6,35.1,650.9,,1186,541.56,639.83,45.70%,53.90%,0.40%
2013,Guangxi,,540,43.8,63.92,337.39,23.8,595.46,0.1,1266,488.95,774.21,38.60%,61.20%,0.20%
2014,Guangxi,615,606,58.7,31.17,409.34,90.3,574.82,0.16,1336,654.52,678.66,49.00%,50.80%,0.20%
2015,Guangxi,425,586,50.5,19.41,432.15,105.67,592.35,0.16,1300,749.31,544.33,57.60%,41.90%,0.50%
2016,Guangxi,433,678,47.4,17.63,432.04,88.6,528.41,0.2,1347,654.38,574.49,48.60%,42.60%,8.80%
2017,Guangxi,443,704,44.1,6.3,497.45,112.66,608.97,0.21,1468,686.72,626.83,46.80%,42.70%,10.50%
2018,Guangxi,488,692,51.9,5.91,519.67,128.72,581.09,0.19,1732,699.43,820.61,40.40%,47.40%,12.20%
2019,Guangxi,406,729,50.3,11.66,516.93,159.56,576.94,0.23,1846,593.41,1006.51,32.10%,54.50%,13.30%
2020,Guangxi,414,812,48.8,14.3,397.26,77.26,472.56,0.22,1971,614.47,1064.89,31.20%,54.00%,14.80%
2021,Guangxi,352,1072,46.8,55.14,536.42,103.31,534.17,0.22,2082,517.36,1194.62,24.80%,57.40%,17.80%
2022,Guangxi,381,1085,65.8,103.6,484.68,94.92,517.65,0.23,2116,605.78,1090.79,28.60%,51.50%,19.80%
1991,Guizhou,3723,250.8,,,,,,0.34,116.03,44.31,71.72,38.20%,61.80%,0.00%
1995,Guizhou,5472.14,426,,,,,,,232,114.9,116.64,49.50%,50.30%,0.20%
1996,Guizhou,6143,478.87,,,,,,12054,248.76,103.71,141.94,41.70%,57.10%,1.30%
1997,Guizhou,6597,536.54,,,,,,9455,255.75,110.84,144.91,43.30%,56.70%,0.00%
1998,Guizhou,6561,115.48,,,,,,8052,291.76,119.89,171.88,41.10%,58.90%,0.00%
1999,Guizhou,4025,111.76,,,,,,0.74,334.46,133.54,200.92,39.90%,60.10%,0.00%
2000,Guizhou,3676.75,134,,,,,,0.7,405,183.44,221.27,45.30%,54.60%,0.10%
2001,Guizhou,4898.66,280.88,,,,,,0.68,490.51,221.96,268.55,45.30%,54.70%,0.00%
2002,Guizhou,5001.12,153.29,,,,,,0.48,547.12,221.53,325.59,40.50%,59.50%,0.00%
2003,Guizhou,7802.51,530.91,,,,,,0.52,640.98,208.25,432.74,32.50%,67.50%,0.00%
2004,Guizhou,7953.02,695.26,,,,,,,720.46,226.05,490.4,31.40%,68.10%,0.60%
2005,Guizhou,10795.5,716,,,,,,0.53,798,213.35,584.3,26.70%,73.20%,0.00%
2006,Guizhou,11816.59,901.36,,,,,,,986.36,225.96,760.39,22.90%,77.10%,0.00%
2007,Guizhou,10864.18,825.04,,,,,,,1166.32,340.62,825.71,29.20%,70.80%,0.00%
2008,Guizhou,11319.53,752.2,,,,,,,1211.03,394.04,816.97,32.50%,67.50%,0.00%
2009,Guizhou,13690.74,781.21,,,,,,0.12,1380.02,400.88,979.15,29.00%,71.00%,0.00%
2010,Guizhou,,713,,,,,,0.12,1386,416.58,969.05,30.10%,69.90%,0.00%
2011,Guizhou,,685,,,,,,,1379,355,1024,25.70%,74.30%,0.00%
2012,Guizhou,,839,,,,,,,1618,582.05,1026.77,36.00%,63.50%,0.60%
2013,Guizhou,,891,,0.05,,,,0.41,1678,477.8,1185.44,28.50%,70.60%,0.90%
2014,Guizhou,18508,762,,,,,,0.4,1746,683.96,1045.08,39.20%,59.90%,1.00%
2015,Guizhou,17205,729,,,,,,0.93,1815,789.22,986.64,43.50%,54.40%,2.20%
2016,Guizhou,16851,659,,,,,,3.41,1904,733.73,1114.21,38.50%,58.50%,2.90%
2017,Guizhou,16344,510,,,,,,4.15,1932,723.72,1136.51,37.50%,58.80%,3.70%
2018,Guizhou,14335,401,,,84.68,,,2.97,2021,714.93,1221.96,35.40%,60.50%,4.20%
2019,Guizhou,13168,392,,,,,,3.15,2207,769.36,1339.53,34.90%,60.70%,4.40%
2020,Guizhou,12055,428,,,,,,5.04,2305,831.16,1332.11,36.10%,57.80%,6.10%
2021,Guizhou,13232,418,,,,,,5.22,2368,734.46,1446.58,31.00%,61.10%,7.90%
2022,Guizhou,13069,331,,,,,,7.92,2299,678.43,1401.97,29.50%,61.00%,9.50%
1991,Hainan,2,,,,,,,,16.47,7.02,9.45,42.60%,57.40%,0.00%
1995,Hainan,1.46,,0.1,,,,,,32,11.32,20.21,35.40%,63.20%,1.50%
1996,Hainan,2,,0.07,,17.66,,6.8,,32.81,12.15,20.66,37.00%,63.00%,0.00%
1997,Hainan,2,,0.06,,14.93,,,,34.6,14.85,19.75,42.90%,57.10%,0.00%
1998,Hainan,2,,,,16.16,,,,35.52,8.58,26.93,24.20%,75.80%,0.00%
1999,Hainan,2,,,3.47,,,,5.06,36.98,8.2,28.78,22.20%,77.80%,0.00%
2000,Hainan,2,,,9.45,,,,,39,11.54,27.51,29.60%,70.50%,-0.10%
2001,Hainan,1.95,,2.96,4.1,,,,,43.89,15.15,28.61,34.50%,65.20%,0.30%
2002,Hainan,1.26,,4.64,7.73,,,,,50.11,13.74,36.37,27.40%,72.60%,0.00%
2003,Hainan,2,,7.57,7.2,,,,,58.59,13.22,45.25,22.60%,77.20%,0.20%
2004,Hainan,,,8.04,,,,,1.29,65.7,9.23,56.4,14.00%,85.80%,0.10%
2005,Hainan,,,10.1,4.36,,,,1.66,82,10.64,72.46,13.00%,88.40%,-1.30%
2006,Hainan,,,11.09,9.09,65.68,3.43,94.7,2.05,96.98,11.59,85.08,12.00%,87.70%,0.30%
2007,Hainan,,,,23.04,238.66,32.78,359.06,2.03,114.82,13.09,101.61,11.40%,88.50%,0.10%
2008,Hainan,,,12.05,26.31,244.05,31.06,344.87,2.32,120.77,12.72,107.9,10.50%,89.30%,0.10%
2009,Hainan,,,18.36,23.83,264.31,35.43,341.38,1.86,127.56,14.95,112.49,11.70%,88.20%,0.10%
2010,Hainan,,,20,27.04,263.2,44.6,346,1.8,153,13.34,137.39,8.70%,89.80%,1.50%
2011,Hainan,,,19.7,36.7,295.2,68.1,319.2,2,173,12.55,157.24,7.30%,90.90%,1.90%
2012,Hainan,,,19,33.7,302.7,78,294,1.8,199,15.36,180.96,7.70%,90.90%,1.30%
2013,Hainan,,,26.5,17.02,233.78,90.57,229.7,2.25,231,23.93,200.62,10.40%,86.80%,2.80%
2014,Hainan,,,28.5,24.86,218.06,138.64,280.88,1.58,245,24.55,215.1,10.00%,87.80%,2.20%
2015,Hainan,,,30,24.23,248.19,150.21,331.16,1.88,261,11.39,236.07,4.40%,90.40%,5.20%
2016,Hainan,,,29.4,80.45,233.44,151.19,268.26,1.37,288,19.13,199.95,6.60%,69.40%,23.90%
2017,Hainan,,,30,50.51,224.41,133.09,229.27,1.1,305,26.37,195.34,8.60%,64.00%,27.30%
2018,Hainan,,,30.4,56.47,276.56,142.25,260.27,1.06,325,25.51,211.23,7.80%,65.00%,27.20%
2019,Hainan,,,30.5,56.56,301.03,157.07,278.43,1.03,346,17.27,212.46,5.00%,61.40%,33.60%
2020,Hainan,,,30.6,113.44,267.81,113.39,280.79,1.04,346,16.68,213.06,4.80%,61.60%,33.60%
2021,Hainan,,,37.3,117.24,286.35,126.86,265.96,8.03,391,18.07,254.39,4.60%,65.10%,30.30%
2022,Hainan,,,56,74.41,218.73,88.52,260.72,31.54,406,28.22,245.28,7.00%,60.40%,32.60%
1991,Hebei,6143,462.27,537.73,52.05,92.69,4.85,83.33,2.9,410.66,6.32,404.34,1.50%,98.50%,0.00%
1995,Hebei,8100.51,938,517,44.26,135.11,4.83,165.81,3.49,607,12.63,593.72,2.10%,97.80%,0.10%
1996,Hebei,8169,1096.49,524.05,43.83,145.24,7.86,181.3,36457,651.41,15.35,636.06,2.40%,97.60%,0.00%
1997,Hebei,7879,1239,415.16,42.54,154.46,13.08,192.93,36529,694.12,10.62,683.5,1.50%,98.50%,0.00%
1998,Hebei,5802,603.88,536.82,43.89,155.01,11.32,204.23,37261,687.11,7.76,679.35,1.10%,98.90%,0.00%
1999,Hebei,5511,695.35,531.31,56.29,158.99,12.95,240.49,4.17,769.64,2.42,767.01,0.30%,99.70%,0.00%
2000,Hebei,5781.21,792,518.3,30.17,159.04,12.69,271.19,5.14,844,4.7,839.53,0.60%,99.50%,0.00%
2001,Hebei,5865.7,920.55,513.22,34.99,134.88,9.15,228.46,5.21,901.63,3.62,897.88,0.40%,99.60%,0.00%
2002,Hebei,6083.7,972.61,503.26,63.88,135.22,8.71,230.85,5.9,1014.26,3.64,1010.32,0.40%,99.60%,0.00%
2003,Hebei,6600.15,1128.23,511.01,41.46,173.76,11.43,293.59,6.34,1088.34,3.01,1085.17,0.30%,99.70%,0.00%
2004,Hebei,8651.97,1941,537.78,41.53,210.79,12.08,374.98,6.63,1255.56,4.02,1251.11,0.30%,99.60%,0.00%
2005,Hebei,8639.49,2613,562.5,25.37,223.6,11.94,403.42,6.92,1339,5.61,1332.17,0.40%,99.50%,0.10%
2006,Hebei,8364.71,3312.2,610.81,28.56,212.85,13.15,412.08,6.55,1461,14.42,1438.88,1.00%,98.50%,0.50%
2007,Hebei,8662.98,3820.89,660.01,64.85,230.15,11.14,425.82,7.14,1646.24,5.68,1633.04,0.30%,99.20%,0.50%
2008,Hebei,8145.43,3878.94,643.1,166.51,272.49,12.21,513.58,8.74,1527.75,10.95,1407.6,0.70%,92.10%,7.10%
2009,Hebei,8494.58,4800.33,599.09,34.57,275.24,7.05,482.34,10.87,1742.46,5.71,1707.18,0.30%,98.00%,1.70%
2010,Hebei,,5046,599,116.94,270,4.3,486.9,12.7,1993,5.55,1926.28,0.30%,96.70%,3.10%
2011,Hebei,,6290,586.1,17.4,292.8,,538.3,12.2,2327,7.25,2214.67,0.30%,95.20%,4.50%
2012,Hebei,,6701,584,25,293.6,0.3,547,13.4,2411,4.7,2246.36,0.20%,93.20%,6.60%
2013,Hebei,,6382,591,109.49,304.68,13.72,438.5,15.58,2507,10.93,2334.06,0.40%,93.10%,6.50%
2014,Hebei,7345,5614,592.3,132.27,322.21,13.5,394.36,17.5,2559,11,2368.85,0.40%,92.60%,7.00%
2015,Hebei,7437,5481,580.1,123.01,432.83,44.15,497.79,10.43,2498,9.98,2291.62,0.40%,91.70%,7.90%
2016,Hebei,6484,5312,546,160.31,475.88,57.9,501.92,7.78,2631,22.26,2372.47,0.80%,90.20%,9.00%
2017,Hebei,6020,4814,539.1,194.12,385.86,42.64,437.34,7.39,2983,15.56,2645.3,0.50%,88.70%,10.80%
2018,Hebei,5559,5263,537.2,163.6,446.42,58.29,412.39,6.15,3229,10.54,2809.74,0.30%,87.00%,12.70%
2019,Hebei,5075,4983,550,152.5,536.06,70.81,556.48,5.84,3298,16.44,2787.25,0.50%,84.50%,15.00%
2020,Hebei,4975,4826,543.5,226.12,514.51,90.45,474.08,5.61,3425,15.17,2831.73,0.40%,82.70%,16.90%
2021,Hebei,4643,4057,544.6,251.8,541.84,96.18,448.36,5.28,3513,24,2698.74,0.70%,76.80%,22.50%
2022,Hebei,4706,4134,547.1,412.73,558.55,64.08,646.85,5.66,3793,37.21,2725.56,1.00%,71.90%,27.20%
1991,Henan,8973,219.16,848.32,13.65,85.79,5.74,73.86,13.02,356.49,15.28,341.03,4.30%,95.70%,0.10%
1995,Henan,10334.01,489,602,19.56,138.68,21.1,121.69,11.38,548,15.64,532.01,2.90%,97.10%,0.10%
1996,Henan,10781,418.52,587.19,23.36,227.14,23.21,137.24,113773,593.99,16.8,577.19,2.80%,97.20%,0.00%
1997,Henan,10520,345.62,587.13,24.68,253.19,30.78,148.67,118963,630.83,12.33,618.5,2.00%,98.00%,0.00%
1998,Henan,9407,370.79,587.6,25.1,235.41,26.82,152.23,131967,631.05,13.7,617.36,2.20%,97.80%,0.00%
1999,Henan,8012,395.96,565.4,23.38,119.06,25.57,188.65,14.08,658.97,15.83,642.14,2.40%,97.40%,0.20%
2000,Henan,7577.9,355,562.2,30.42,136.86,17.04,213.42,14.95,695,15.52,677.76,2.20%,97.50%,0.20%
2001,Henan,9170.98,424.8,566.57,24.94,123.16,19.32,209.94,17.36,792.85,36.13,753.81,4.60%,95.10%,0.40%
2002,Henan,9921.21,427.51,568.06,23.58,129.49,17.55,202.79,19.36,876.82,15.52,858.86,1.80%,98.00%,0.30%
2003,Henan,11871.01,527.34,549.77,37.96,139.37,15.88,215.96,20.14,1025.1,54,968.26,5.30%,94.50%,0.30%
2004,Henan,16829.42,833.63,523.41,47.54,136.2,28.2,250.51,18.55,1280.75,78.36,1200.87,6.10%,93.80%,0.10%
2005,Henan,18761.42,1381,507.2,40.02,127.65,20.07,219.02,17.62,1415,67.91,1346.77,4.80%,95.20%,0.00%
2006,Henan,19532.19,1557.74,492.06,43.38,140.86,21.18,265.47,18.68,1600.5,88.26,1512.35,5.50%,94.50%,0.00%
2007,Henan,19287.15,1938,485.08,48.32,157.83,32.45,243.96,15.76,1918.26,88.53,1829.73,4.60%,95.40%,0.00%
2008,Henan,21305.66,1984.41,476.3,29.46,159.43,31.19,253.61,11.22,1977.78,98.77,1754.92,5.00%,88.70%,6.30%
2009,Henan,23018.12,2163.06,474.5,15.43,189.4,49.33,287.01,29.58,2055.46,93.15,1952.61,4.50%,95.00%,0.50%
2010,Henan,,2572,497.9,17.2,208,56.9,297.57,6.72,2192,91.67,2092.09,4.20%,95.40%,0.40%
2011,Henan,,2417,485.5,14.7,191.4,47.7,274.32,5,2585,103.42,2467.24,4.00%,95.40%,0.60%
2012,Henan,,2361,476.6,14.5,239.2,72.1,310.6,5,2643,136.72,2489.42,5.20%,94.20%,0.60%
2013,Henan,,2766,476.5,43.65,222.47,78.28,250.19,4.93,2864,114.71,2741.34,4.00%,95.70%,0.30%
2014,Henan,14416,2898,470.5,49.78,209.6,72.63,191.22,4.87,2741,98.95,2633.91,3.60%,96.10%,0.30%
2015,Henan,13596,2942,412.1,41.55,163.95,49.48,138.43,4.19,2625,110.16,2498.99,4.20%,95.20%,0.60%
2016,Henan,11947,2920,315.7,26.22,203.62,62.78,143.8,3.3,2653,95.54,2526.05,3.60%,95.20%,1.20%
2017,Henan,11751,2291,282.9,12.07,186.87,62.8,176.43,2.98,2747,101.23,2581.06,3.70%,94.00%,2.40%
2018,Henan,11467,2237,258.8,8.42,226.65,66.66,218.12,2.9,3060,143.95,2774.96,4.70%,90.70%,4.60%
2019,Henan,10938,2030,251.1,3.93,206.6,62.71,204.16,2.96,2888,145.06,2553.5,5.00%,88.40%,6.60%
2020,Henan,10647,1848,239.9,3.6,226.56,56.19,230.19,2.9,2906,140.21,2515.14,4.80%,86.50%,8.60%
2021,Henan,9372,1515,234.7,5.26,231.78,54.48,222.57,2.93,3039,116.29,2458.77,3.80%,80.90%,15.30%
2022,Henan,9804,1999,236.2,53.68,207.98,42.36,221.76,3.88,3430,122.49,2719.92,3.60%,79.30%,17.10%
1991,Heilongjiang,8514,154.16,5562.33,249.8,159.74,23.52,285.37,22.73,316.34,5.82,310.52,1.80%,98.20%,0.00%
1995,Heilongjiang,7937.6,190,5601.5,181.28,261.72,22.27,379.68,25.91,388,6.69,381.3,1.70%,98.30%,0.00%
1996,Heilongjiang,8198,169.99,5601.67,143.77,257.78,23.95,418.61,233264,410.25,5.11,405.14,1.20%,98.80%,0.00%
1997,Heilongjiang,8518,175.45,5609.16,162.59,272.93,23.96,425.95,234882,432.9,10.85,422.02,2.50%,97.50%,0.00%
1998,Heilongjiang,7092,153.33,5593.81,165.32,284.25,21.21,437.78,232953,423.82,12.65,411.17,3.00%,97.00%,0.00%
1999,Heilongjiang,6230,139.85,5450.54,162.84,307.11,26.65,502.25,22.35,411.53,9.23,402.31,2.20%,97.80%,0.00%
2000,Heilongjiang,4974.36,129,5306.7,120.56,347.46,23.27,532.61,23.04,427,13.19,413.54,3.10%,96.80%,0.10%
2001,Heilongjiang,5686.73,148.56,5161.13,100.65,378.34,24.05,609.19,22.03,438.37,12.76,425.41,2.90%,97.00%,0.00%
2002,Heilongjiang,5882.58,192.64,5029.35,70.88,391.27,22.61,593.85,20.22,459.28,15.09,444.19,3.30%,96.70%,0.00%
2003,Heilongjiang,6669.2,298.96,4840.12,63.97,395.43,22.07,596.76,20.96,493.78,11.72,483.12,2.40%,97.80%,-0.20%
2004,Heilongjiang,8476.49,414.84,4666.49,76.88,405.27,20.53,616.8,20.34,501.83,13.96,484.98,2.80%,96.60%,0.60%
2005,Heilongjiang,9503.2,474,4516,44.69,384.85,19.28,627.52,24.43,596,14.7,581.13,2.50%,97.50%,0.00%
2006,Heilongjiang,10282.44,562.63,4340.51,44.12,387.44,20.57,577.03,24.65,646.59,14.74,629.64,2.30%,97.40%,0.30%
2007,Heilongjiang,10065.11,683.1,4169.83,48.44,402.71,23.54,583.59,25.5,685.21,10.41,670.32,1.50%,97.80%,0.70%
2008,Heilongjiang,9760.12,784.27,4020.47,51.28,390.84,24.96,547.3,27.1,732.96,17.56,696.62,2.40%,95.00%,2.60%
2009,Heilongjiang,8748.72,968.01,4000.7,47.37,430.53,28.46,589.15,30.04,722.95,17.09,685.91,2.40%,94.90%,2.80%
2010,Heilongjiang,,957,4004.9,55.38,462.9,31.5,615.5,30,777,22.53,720.35,2.90%,92.70%,4.40%
2011,Heilongjiang,,1011,4006,40.4,481.7,34.7,609.12,31,835,17.02,771.57,2.00%,92.40%,5.60%
2012,Heilongjiang,,957,4001.5,46.5,463.5,42.3,573,33.7,849,16.34,765.88,1.90%,90.20%,7.90%
2013,Heilongjiang,,821,4001,42.73,480.71,63.97,584.5,34.99,839,30.52,732.66,3.60%,87.30%,9.00%
2014,Heilongjiang,7059,803,4000,53.7,429.52,73.98,530.46,35.39,889,20.04,795.87,2.30%,89.50%,8.20%
2015,Heilongjiang,6551,687,3838.6,44.27,480.42,68.46,534.42,35.82,874,16.86,790.43,1.90%,90.40%,7.60%
2016,Heilongjiang,5890,675,3656,26.68,501.92,82.14,482.28,38.04,900,16.87,803.48,1.90%,89.30%,8.90%
2017,Heilongjiang,6196,761,3420.3,17.73,519.24,87.75,425.86,40.54,954,21.02,821.13,2.20%,86.10%,11.70%
2018,Heilongjiang,6133,906,3224.2,19.76,512.38,63.82,412.5,43.54,1047,26.2,876.2,2.50%,83.70%,13.80%
2019,Heilongjiang,5391,1076,3090,20.41,521.72,69.86,340.4,45.66,1112,27.71,911.73,2.50%,82.00%,15.50%
2020,Heilongjiang,5558,1063,3001,29.25,533.54,54.43,317.71,46.78,1138,31.99,921.77,2.80%,81.00%,16.20%
2021,Heilongjiang,6016,1235,2945.5,55.58,556.76,54.93,355.9,50.5,1201,39.13,948.66,3.30%,79.00%,17.80%
2022,Heilongjiang,6955,1112,2971,53.36,514.74,42.91,382.5,55.75,1218,39.69,878.93,3.30%,72.20%,24.60%
1991,Hubei,810,323.16,73.35,130.88,119.31,18.11,122.14,0.64,349.49,225.48,124.01,64.50%,35.50%,0.00%
1995,Hubei,1533.31,398,85,95.49,126.32,13.64,153.05,0.76,453,258.82,193.71,57.10%,42.80%,0.10%
1996,Hubei,1521,394.31,86.52,67.91,143.53,19.52,173.56,7095,476.04,270.7,204.89,56.90%,43.00%,0.10%
1997,Hubei,1517,394.44,82.06,63.5,145.61,14.2,192.95,6646,490.45,245.26,244.61,50.00%,49.90%,0.10%
1998,Hubei,1326,393.38,75.71,60.98,134.06,23.89,129.1,8155,506.14,262.21,243.93,51.80%,48.20%,0.00%
1999,Hubei,445,401.74,78.51,39.77,118.98,20.33,214.93,0.92,508,225.01,283,44.30%,55.70%,0.00%
2000,Hubei,389.32,411,75.1,40.24,154.97,16.38,247.01,0.91,559,281.4,277.73,50.30%,49.70%,0.00%
2001,Hubei,1016.54,408.43,77.2,28.96,130.38,17.66,219.31,0.76,598,275.12,322.88,46.00%,54.00%,0.00%
2002,Hubei,372.55,415.56,78.3,26.59,144.65,17.47,227.27,0.91,606.57,272.58,333.98,44.90%,55.10%,0.00%
2003,Hubei,366.4,473.93,77.53,20.03,166.99,12.93,245.88,0.94,780.46,380.64,395.32,48.80%,50.70%,0.60%
2004,Hubei,1016.62,469.36,165.02,35.7,170.96,8.59,298.38,1.08,1096.77,697.24,396.8,63.60%,36.20%,0.20%
2005,Hubei,1010.39,678,78.1,28.38,178.87,8.85,329.83,1.12,1290,813.65,476.15,63.10%,36.90%,0.00%
2006,Hubei,1116.29,688.2,79.73,23.67,178.09,7.84,352.35,1.16,1306.67,756.06,548.41,57.90%,42.00%,0.20%
2007,Hubei,1084.26,696.18,85.54,22.58,175.74,12.62,378.28,1.17,1588.39,937.7,644.4,59.00%,40.60%,0.40%
2008,Hubei,1073.19,918.26,83.92,13.52,173.21,15.72,341.08,1.4,1828.44,1272.47,525.63,69.60%,28.70%,1.70%
2009,Hubei,1058.45,838.1,80.89,15.97,216.49,23.52,360.08,1.67,1818.06,1205.92,606.07,66.30%,33.30%,0.30%
2010,Hubei,,947,86.5,21.93,239.8,46.2,379.6,2,2043,1263.83,752.72,61.90%,36.80%,1.30%
2011,Hubei,,994,79,21.3,242.9,51.2,389.32,2.28,2086,1163.89,913.63,55.80%,43.80%,0.40%
2012,Hubei,,922,78.9,16.2,241,50.9,354.8,1.7,2238,1415.34,813.88,63.20%,36.40%,0.40%
2013,Hubei,,943,80.1,12.06,281.34,63.78,464.28,3.09,2237,1202.96,1021.59,53.80%,45.70%,0.60%
2014,Hubei,1057,932,79,10.31,278.88,84.84,459.65,1.45,2351,1375.99,966.39,58.50%,41.10%,0.40%
2015,Hubei,860,920,71,7.77,317.14,107.75,450.42,1.35,2341,1328.47,993.76,56.70%,42.50%,0.80%
2016,Hubei,594,892,58.1,1.89,324.13,98.25,426.58,1.31,2479,1410.72,1016.5,56.90%,41.00%,2.10%
2017,Hubei,316,885,55.5,1.76,375.17,120.88,489.65,1.27,2631,1504.24,1047.14,57.20%,39.80%,3.00%
2018,Hubei,119,874,54.3,5.85,373.28,124.71,447.14,5.13,2817,1465.49,1238.39,52.00%,44.00%,4.00%
2019,Hubei,41,834,53.6,7.06,402.47,149.06,465.94,1.07,2958,1356.98,1469.94,45.90%,49.70%,4.40%
2020,Hubei,40,801,53.5,13.87,344.4,83.23,395.03,1.01,3016,1647.22,1222.23,54.60%,40.50%,4.90%
2021,Hubei,30,882,53.2,28.42,430,117.58,428.22,1.29,3292,1598.89,1476.01,48.60%,44.80%,6.60%
2022,Hubei,73,939,53.7,30.09,358.45,96.15,437.54,1.38,3109,1219.96,1595.53,39.20%,51.30%,9.40%
1991,Hunan,3314,195.22,,60.42,86.87,10.77,90.94,,221.25,107.63,113.62,48.60%,51.40%,0.00%
1995,Hunan,5564.51,215,,55.29,90.38,7.49,104.36,,333,157.97,174.86,47.40%,52.50%,0.10%
1996,Hunan,5989,236.44,,50.9,154.24,8.7,108.16,,339.09,166.02,173.07,49.00%,51.00%,0.00%
1997,Hunan,4410,243.84,,39.69,157.28,9.11,105.59,,345.96,192.99,152.96,55.80%,44.20%,0.00%
1998,Hunan,4352,238.85,,38.21,114.47,9.48,101.81,,345.69,193.69,152.01,56.00%,44.00%,0.00%
1999,Hunan,1433,211.43,,28.94,107.41,12.02,196.21,,332.51,165.38,167.14,49.70%,50.30%,0.00%
2000,Hunan,1490.81,207,,33.95,120.19,8.57,215.53,,354,191.15,163.27,54.00%,46.10%,-0.10%
2001,Hunan,3673.35,215.88,,29.6,108.65,4.03,192.33,,401.84,212.01,189.07,52.80%,47.10%,0.20%
2002,Hunan,1845.42,206.39,,18.04,116.33,8.25,185.83,,425.54,227.93,197.61,53.60%,46.40%,0.00%
2003,Hunan,2366.69,272,,23.42,124.27,7.17,178.87,,537.76,242.97,294.79,45.20%,54.80%,0.00%
2004,Hunan,6016.57,410.12,,32.8,129.67,10.45,240.6,,651.11,280.93,371.31,43.10%,57.00%,-0.20%
2005,Hunan,5735,446,,31.55,122.83,10.99,229.25,,644,241.28,403.13,37.50%,62.60%,-0.10%
2006,Hunan,5948.84,473.77,,27.91,124.2,7.97,219.06,,754.9,290.69,464.08,38.50%,61.50%,0.00%
2007,Hunan,6217.16,522.77,,28.61,129.86,8.44,228.74,,860.15,312.56,547.59,36.30%,63.70%,0.00%
2008,Hunan,6153.86,451.1,,24.66,137.83,4.05,231.16,3.19,927.25,407,520.06,43.90%,56.10%,0.00%
2009,Hunan,6572.85,559.44,,16.9,133.15,3.84,215.03,,1027.95,409.43,618.51,39.80%,60.20%,0.00%
2010,Hunan,,582,,22.66,125.5,4.8,215,,1226,502.53,723.75,41.00%,59.00%,0.00%
2011,Hunan,,677,,24,191,12.5,291.6,,1347,459.03,880.78,34.10%,65.40%,0.50%
2012,Hunan,,640,,25.1,240.7,28.3,342.5,,1398,602.7,779.17,43.10%,55.70%,1.20%
2013,Hunan,,652,,55.67,241.34,35.22,322.4,,1356,507.14,841.89,37.40%,62.10%,0.50%
2014,Hunan,5554,660,,53.53,199.02,38.98,243.25,,1337,559.86,765.69,41.90%,57.30%,0.90%
2015,Hunan,3559,657,,24.87,228.33,51.69,287.41,,1314,572.52,712.65,43.60%,54.20%,2.20%
2016,Hunan,2787,667,,5.27,240.18,63.35,258.99,,1385,621.51,723.32,44.90%,52.20%,2.90%
2017,Hunan,1938,654,,4.53,220.89,64.36,193.4,,1438,594.92,787.67,41.40%,54.80%,3.90%
2018,Hunan,1900,656,,4.69,279.12,85.44,221.37,,1540,535.75,923.42,34.80%,60.00%,5.20%
2019,Hunan,1473,586,,4.31,280.3,98.85,219.22,,1559,543.97,914.6,34.90%,58.70%,6.40%
2020,Hunan,1068,604,,13.06,257.47,73.66,211.79,0.03,1554,573.66,851.87,36.90%,54.80%,8.30%
2021,Hunan,727,661,,15.1,281.68,72.36,221.95,0.03,1742,537.59,1016.7,30.90%,58.40%,10.80%
2022,Hunan,800,662,,24,283.39,63.93,233.93,0.01,1768,505.98,1027.43,28.60%,58.10%,13.30%
1991,Jilin,2559,117.04,342.3,93.97,131.78,0.12,82.72,1.26,199.8,64.3,135.5,32.20%,67.80%,0.00%
1995,Jilin,2644.31,136,342.7,85.11,147.88,1.96,99.83,1.83,285,83.16,201.45,29.20%,70.70%,0.10%
1996,Jilin,2600,143.79,373.6,96.34,163.7,0.14,123.26,20981,293.98,60.91,233.07,20.70%,79.30%,0.00%
1997,Jilin,2677,154.02,405.1,113.25,157.47,0.07,140.09,29538,280.03,40.67,239.37,14.50%,85.50%,0.00%
1998,Jilin,2130,168.41,397.07,100.24,156.22,0.12,139.85,21171,281.28,39.31,241.96,14.00%,86.00%,0.00%
1999,Jilin,1682,153.85,358.02,97.36,155.83,2.06,172.78,2.4,299.57,44.89,254.64,15.00%,85.00%,0.00%
2000,Jilin,1636.71,154,348.5,95.59,159.45,1.28,178.81,2.05,314,47.84,265.48,15.20%,84.50%,0.20%
2001,Jilin,1761.95,149.07,388.83,75.35,160.44,1.23,199.92,2.05,329.57,58.13,270.83,17.60%,82.20%,0.20%
2002,Jilin,1685.25,153.79,477.01,73.21,160.43,0.22,226.89,2.41,295.65,44.57,250.37,15.10%,84.70%,0.20%
2003,Jilin,2037.63,177.76,476.4,47.42,172.93,0.31,290.52,2.32,338.83,40.8,297.39,12.00%,87.80%,0.20%
2004,Jilin,2589.96,224.64,481.11,27.26,155.48,0.05,332.73,3.44,386.19,56.35,329.15,14.60%,85.20%,0.20%
2005,Jilin,2715.11,270,550.6,34.76,164.72,,367.43,5.4,433,78.3,354.16,18.10%,81.80%,0.10%
2006,Jilin,3004.05,285.52,680.35,43.43,159.74,,344.02,2.41,443.2,54.6,385.76,12.30%,87.00%,0.60%
2007,Jilin,3354.18,364.73,623.93,33.92,153.95,,320.73,5.22,494.76,61.83,422.74,12.50%,85.40%,2.10%
2008,Jilin,3980.09,318.25,698.46,41.52,166.8,0.05,321.68,8.74,577.67,58.91,398.63,10.20%,69.00%,20.80%
2009,Jilin,4401.46,423.78,639.9,38.2,151.67,,320.88,11.62,541.83,56.28,458.61,10.40%,84.60%,5.00%
2010,Jilin,,411,702.3,36.83,163,,322.2,13.7,605,105.5,463.29,17.40%,76.60%,6.00%
2011,Jilin,,485,739.4,40,193.5,,412.9,15,710,62.9,591.97,8.90%,83.40%,7.80%
2012,Jilin,,524,810.4,31.9,195.3,,383.4,22.2,692,65.78,577.62,9.50%,83.50%,7.00%
2013,Jilin,,489,703.7,27.19,201.73,,387.95,23.91,779,118.48,606.13,15.20%,77.80%,7.00%
2014,Jilin,3100,448,663.9,22.48,208.23,8.79,382.09,22.28,781,72.55,647.82,9.30%,82.90%,7.80%
2015,Jilin,2634,372,665.5,23.2,196.79,21.61,349.61,20.31,731,58.42,597.05,8.00%,81.70%,10.30%
2016,Jilin,1684,315,610.7,28.16,211.31,28.22,349.65,19.77,760,82.42,592.28,10.80%,77.90%,11.20%
2017,Jilin,1639,314,420.9,28.68,221.16,29.54,317.87,18.58,760,63.47,620.75,8.40%,81.70%,10.00%
2018,Jilin,1620,298,387.4,27.8,205.37,26.91,283.6,18.35,869,63.4,676.94,7.30%,77.90%,14.80%
2019,Jilin,1256,338,401.9,28.86,238.72,32.45,299.29,19.82,946,66.76,725.24,7.10%,76.70%,16.30%
2020,Jilin,1040,369,404.4,32.69,209.93,30.77,261.88,19.81,1019,93.84,750.21,9.20%,73.60%,17.20%
2021,Jilin,905,399,414.2,28.33,202.23,27.26,207.71,21.38,1026,104.86,730.69,10.20%,71.20%,18.60%
2022,Jilin,971,378,425.6,41.8,211.31,22.11,278.69,20.5,1057,118,678.79,11.20%,64.20%,24.60%
1991,Jiangsu,2471,132.26,92.5,290.79,102.73,42.91,168.63,0.33,441.2,0.5,440.7,0.10%,99.90%,0.00%
1995,Jiangsu,2650.72,191,101.4,162.04,108.07,50.64,207.31,0.19,700,0.35,698.42,0.10%,99.80%,0.20%
1996,Jiangsu,2607,212.52,122.04,108.08,117.04,58.87,230.73,1458,756.87,0.49,756.39,0.10%,99.90%,0.00%
1997,Jiangsu,2506,216.25,135.23,99.26,122,55.77,228.11,1231,777,0.46,776.54,0.10%,99.90%,0.00%
1998,Jiangsu,2379,234.06,125.82,123.73,91.64,51.88,226.14,1718,754.27,0.29,753.97,0.00%,100.00%,0.00%
1999,Jiangsu,2292,238.08,145.27,135.53,142.86,72.16,349.3,0.22,787.06,0.04,787.03,0.00%,100.00%,0.00%
2000,Jiangsu,2479.02,237,155,136.29,171.53,67.21,408.69,0.24,910,0.13,909.57,0.00%,100.00%,0.00%
2001,Jiangsu,2505.14,243.31,157.02,74.47,172.03,55.1,383.83,0.23,987.47,0.2,986.49,0.00%,99.90%,0.10%
2002,Jiangsu,2593.59,358.44,162.97,113.84,184.94,66.94,369.26,0.23,1116.56,1.03,1115.53,0.10%,99.90%,0.00%
2003,Jiangsu,2760.4,410.97,166.35,156.43,215.18,59.16,433.99,0.33,1336.77,4,1332.77,0.30%,99.70%,0.00%
2004,Jiangsu,2763.13,490.54,168.94,217.44,219,69.18,544.96,0.53,1554.89,3,1550.78,0.20%,99.70%,0.10%
2005,Jiangsu,2817.56,576,164.7,159.43,233.25,99.41,725.87,0.64,2120,2.66,2114.03,0.10%,99.70%,0.20%
2006,Jiangsu,3047.53,954.3,188.49,181.38,200.58,99.45,702.33,0.61,2535.52,3.05,2512.58,0.10%,99.10%,0.80%
2007,Jiangsu,2480.2,1073.05,195.72,290.59,223.65,141.03,696.3,0.58,2674.6,2.95,2577.39,0.10%,96.40%,3.50%
2008,Jiangsu,2430.11,1085.51,184.01,283.71,232.18,108.93,738.33,0.58,2815.03,6.65,2631.34,0.20%,93.50%,6.30%
2009,Jiangsu,2397.44,1212.84,184.03,154.89,318.24,156.87,751.1,0.57,2928.41,2.23,2762.15,0.10%,94.30%,5.60%
2010,Jiangsu,,1394,186,187.61,286.5,165.6,808.3,0.6,3359,2.98,3166.32,0.10%,94.30%,5.60%
2011,Jiangsu,,1855,189,232.4,298.5,201.3,746.8,0.5,3763,2.02,3562.63,0.10%,94.70%,5.30%
2012,Jiangsu,,2052,194.5,284,344.4,231.6,678.7,0.6,4001,11.22,3779.05,0.30%,94.50%,5.30%
2013,Jiangsu,,2253,201.5,281.16,451.95,244.84,759.08,0.51,4321,11.09,4099.24,0.30%,94.90%,4.90%
2014,Jiangsu,2019,2396,206,317.74,564.26,290.39,687.31,0.52,4346,11.65,4093.76,0.30%,94.20%,5.50%
2015,Jiangsu,1919,2433,190.5,300.12,657.52,410.6,718.67,0.37,4361,11.69,4104.31,0.30%,94.10%,5.60%
2016,Jiangsu,1368,2527,166,365.01,698.65,434.35,761.14,1.33,4709,17.35,4403.02,0.40%,93.50%,6.10%
2017,Jiangsu,1278,2060,156.1,320.7,678.17,390.89,844.97,2.94,4924,28.93,4536.9,0.60%,92.10%,7.30%
2018,Jiangsu,1246,1497,155.4,154.83,809.53,484.54,763.81,9.97,5146,33.22,4578.08,0.60%,89.00%,10.40%
2019,Jiangsu,1103,1611,153.5,186.73,809.74,499.5,664.03,4.09,5166,30.76,4468.81,0.60%,86.50%,12.90%
2020,Jiangsu,1022,1313,152.1,328.84,715.92,298.32,671.35,4.24,5218,32.17,4433.91,0.60%,85.00%,14.40%
2021,Jiangsu,934,1438,151.3,383.24,784.39,289.3,610.68,0.94,5969,31.44,4841.31,0.50%,81.10%,18.40%
2022,Jiangsu,964,1537,152.9,386.82,737.85,255.96,715.42,0.85,6077,31.28,4752.69,0.50%,78.20%,21.30%
1991,Jiangxi,2123,145.31,,40.56,56.91,4.8,59.58,,129.96,31.93,98.03,24.60%,75.40%,0.00%
1995,Jiangxi,2877.9,167,,43.27,64.56,2.14,83.17,,176,55.13,121.35,31.30%,68.90%,-0.30%
1996,Jiangxi,2438,167.02,,34.42,83.59,4.01,89.5,,183.29,46.98,136.31,25.60%,74.40%,0.00%
1997,Jiangxi,2064,170.58,,52.12,63.71,3.18,90.64,,179.82,60.52,119.3,33.70%,66.30%,0.00%
1998,Jiangxi,2108,177.87,,44.44,66.11,4.08,94.57,,181.06,60.4,120.66,33.40%,66.60%,0.00%
1999,Jiangxi,1731,182.11,,55.27,74.55,3.96,111.11,,187.8,53.08,134.72,28.30%,71.70%,0.00%
2000,Jiangxi,1813.76,187,,54.27,82.51,4.44,127.09,,203,53.5,149.85,26.40%,73.80%,-0.20%
2001,Jiangxi,1515.09,184.76,,53.78,71.38,2.21,111.01,,216.95,54.73,162.22,25.20%,74.80%,0.00%
2002,Jiangxi,1375.04,223.63,,42.25,73.99,4.08,112.82,,247.99,61.51,186.48,24.80%,75.20%,0.00%
2003,Jiangxi,951.66,239.76,,52.1,78.46,5.08,116.62,,320.94,47.64,273.3,14.80%,85.20%,0.00%
2004,Jiangxi,2871.75,340.54,,58.95,83.19,5.34,137.25,,378.98,75.55,303.43,19.90%,80.10%,0.00%
2005,Jiangxi,2565.05,401,,39.53,86.1,4.67,132.53,,373,67.88,305.61,18.20%,81.90%,-0.10%
2006,Jiangxi,2783.42,492.61,,20,86.85,1.57,179.04,,439.9,95.4,344.49,21.70%,78.30%,0.00%
2007,Jiangxi,2997.24,557.11,,15.76,81.33,1.29,166.86,,502.01,85.06,416.95,16.90%,83.10%,0.00%
2008,Jiangxi,3302.98,526.08,,18.55,86.56,0.07,182.86,,576.14,167.26,407.54,29.00%,70.70%,0.20%
2009,Jiangxi,2982.47,626.06,,22.07,96.57,,187.47,,532.91,85.07,447.42,16.00%,84.00%,0.10%
2010,Jiangxi,,799,,20.89,108.6,,190.8,,664,117.85,545.36,17.70%,82.10%,0.10%
2011,Jiangxi,,876,,7.8,100.7,,193.9,,730,79.82,648.7,10.90%,88.90%,0.20%
2012,Jiangxi,,810,,4.3,130.6,3.2,229,,728,111.66,615.04,15.30%,84.50%,0.20%
2013,Jiangxi,,831,,5.38,178.22,21.93,204.78,,875,128.93,745.34,14.70%,85.20%,0.10%
2014,Jiangxi,2814,868,,1.4,173.51,24.35,179.61,0.43,882,138.16,734.55,15.70%,83.30%,1.10%
2015,Jiangxi,2271,815,,0.2,193.79,34.17,211.92,0.35,982,178.31,785.61,18.20%,80.00%,1.80%
2016,Jiangxi,1557,749,,,219.37,54.95,307.32,0.23,1085,198.53,856.93,18.30%,79.00%,2.70%
2017,Jiangxi,939,594,,0.24,208.39,57.47,288.26,0.21,1160,153.21,949,13.20%,81.80%,5.00%
2018,Jiangxi,551,608,,1.41,240.11,67.15,289.44,0.17,1286,120.28,1073.43,9.40%,83.50%,7.20%
2019,Jiangxi,504,661,,8.09,244.35,70.73,293.81,0.03,1376,167.74,1100.96,12.20%,80.00%,7.80%
2020,Jiangxi,314,689,,17.65,211.62,54.24,236.69,,1445,144.89,1167.39,10.00%,80.80%,9.20%
2021,Jiangxi,237,694,,28,197.68,45.73,203.65,,1563,135.55,1243.82,8.70%,79.60%,11.70%
2022,Jiangxi,216,646,,15.78,210.5,36.21,237.54,,1725,162.04,1332.63,9.40%,77.30%,13.40%
1991,Liaoning,5235,823.18,1374.22,708.35,432.82,112.54,622.45,20.55,446.51,40.35,406.08,9.00%,90.90%,0.00%
1995,Liaoning,5626.44,820,1552.7,610.43,398.22,84.34,677.68,21.12,540,41.71,496.63,7.70%,92.00%,0.30%
1996,Liaoning,6041,831.18,1504.31,505.91,433.83,90.55,768.77,196185,583.96,45.15,537.89,7.70%,92.10%,0.20%
1997,Liaoning,5884,807.36,1504.08,411.03,534.69,98.26,916.26,191379,615.23,28.83,585.18,4.70%,95.10%,0.20%
1998,Liaoning,5786,801.89,1452.08,357.44,517.06,115.56,888.43,155524,608.08,21.56,581.05,3.50%,95.60%,0.90%
1999,Liaoning,4779,746.89,1430.35,402.26,595.45,140.23,1128.89,14.28,610.48,25.54,584.94,4.20%,95.80%,0.00%
2000,Liaoning,4454.89,789,1401.1,413.4,683.88,231.53,1202.07,14.7,646,14.89,628,2.30%,97.20%,0.50%
2001,Liaoning,4468.15,801.39,1385.01,390.5,747.33,205.39,1304.15,14.71,662.12,22.72,638.68,3.40%,96.50%,0.10%
2002,Liaoning,5180.77,871.5,1351.15,394.37,766.86,200.21,1350.79,13.31,725.27,14.46,709.29,2.00%,97.80%,0.20%
2003,Liaoning,5870.69,923.01,1332.22,338.28,823.04,214.19,1567.72,13.28,837.11,22.97,812.3,2.70%,97.00%,0.20%
2004,Liaoning,6641.94,1013.77,1283.19,420.47,925.79,213.46,1831.6,10.3,874.85,38.59,834.48,4.40%,95.40%,0.20%
2005,Liaoning,6395.03,1238,1261,466.15,965.6,220,1899.6,11.72,904,56.73,845,6.30%,93.50%,0.30%
2006,Liaoning,7367.27,1503.4,1226.46,497.38,1032.33,218.74,1911.19,11.94,1014.54,47.03,962.82,4.60%,94.90%,0.50%
2007,Liaoning,6349.09,1625.31,1207.17,526.1,1005.4,206.19,2048.93,8.72,1115.03,43.81,1065.26,3.90%,95.50%,0.50%
2008,Liaoning,6495.12,1736.36,1199.33,580.5,1017.33,230.06,2048.35,8.71,1137.84,38.58,1085.26,3.40%,95.40%,1.20%
2009,Liaoning,6624.17,1876.5,1000.02,504.84,1043.57,231.9,2101.38,8.1,1162.51,28.81,1117.15,2.50%,96.10%,1.40%
2010,Liaoning,,1876,950,602.36,1057.74,224.2,2379.82,8,1295,43.98,1204.04,3.40%,93.00%,3.60%
2011,Liaoning,,2027,1000,572.8,1017.43,222,2284.75,7.2,1370,31.69,1260.4,2.30%,92.00%,5.70%
2012,Liaoning,,2021,1000,454.2,1088.1,293.3,2357.95,7.2,1441,38.24,1304.35,2.70%,90.50%,6.80%
2013,Liaoning,,2147,1001,377.6,1059.99,355.9,2391.33,8.32,1554,61.11,1333.65,3.90%,85.80%,10.20%
2014,Liaoning,5001,2141,1021.9,297.25,1057.66,380.5,2331.03,8.11,1656,41.8,1369.64,2.50%,82.70%,14.80%
2015,Liaoning,4752,2097,1037.1,194.8,1128.52,429.1,2270.88,6.59,1665,32.28,1357.71,1.90%,81.50%,16.50%
2016,Liaoning,4170,2131,1017.3,165.79,1212.11,495.91,2044.31,5.52,1779,47.03,1399.56,2.60%,78.70%,18.70%
2017,Liaoning,3630,2216,1044.2,149.2,1316.49,504.59,2015.24,5.11,1844,30.31,1415.04,1.60%,76.70%,21.60%
2018,Liaoning,3403,2214,1040.7,205.17,1592.76,612.31,2176.62,5.87,1986,33.57,1453.8,1.70%,73.20%,25.10%
2019,Liaoning,3292,2281,1053.3,195.06,1789.13,768.88,2146.81,6.18,2073,43.58,1476.74,2.10%,71.20%,26.70%
2020,Liaoning,3129,2297,1049.4,331.12,1766.89,409.48,2223.1,7.37,2135,56.55,1506.84,2.60%,70.60%,26.80%
2021,Liaoning,3088,2294,1054.2,499.09,2091.78,363.08,2468.26,7.91,2258,78.42,1496.78,3.50%,66.30%,30.20%
2022,Liaoning,3158,2199,984.1,844.92,1667.76,292.63,2772.89,8.74,2257,79.7,1394.12,3.50%,61.80%,34.70%
1991,Inner Mongolia,4923,275.33,100.06,,,,0.14,,189.04,1.24,187.59,0.70%,99.20%,0.10%
1995,Inner Mongolia,7055.21,395,,18.85,23.43,0.02,20.46,,279,1.43,277.11,0.50%,99.30%,0.20%
1996,Inner Mongolia,7317,378.39,,12.31,30.34,,25.75,,323.78,1.25,322.53,0.40%,99.60%,0.00%
1997,Inner Mongolia,8303,423.54,131.51,17.7,30.28,,29.68,1000,342.23,1.09,340.85,0.30%,99.60%,0.10%
1998,Inner Mongolia,7769,446.05,,19.77,28.49,,31.61,,350.41,1.84,347.94,0.50%,99.30%,0.20%
1999,Inner Mongolia,7071,412.58,,20.41,30.32,,38.54,,380.61,1.65,378.18,0.40%,99.40%,0.20%
2000,Inner Mongolia,7247.29,394,,,,,,4.55,439,5.59,432.09,1.30%,98.40%,0.30%
2001,Inner Mongolia,8162.89,445.72,81.55,23.43,28.99,,45.14,7.01,465.49,6.19,456.93,1.30%,98.20%,0.50%
2002,Inner Mongolia,8880.3,506.74,3.73,21.93,30.44,,42.62,8.49,514.85,6.69,507.3,1.30%,98.50%,0.20%
2003,Inner Mongolia,11959.35,805.25,5,16.32,39.2,,45.63,,647.73,7.07,639.53,1.10%,98.70%,0.20%
2004,Inner Mongolia,21235.21,877.85,113.22,16.07,40.2,,48.66,17.19,816.44,8.49,805.84,1.00%,98.70%,0.30%
2005,Inner Mongolia,25607.69,1034,,13.56,44.99,,41.01,,1057,11.55,1042.28,1.10%,98.60%,0.30%
2006,Inner Mongolia,29759.63,1060.15,,2.97,60.57,,53.96,,1412.54,12.8,1395.93,0.90%,98.80%,0.30%
2007,Inner Mongolia,35437.94,1440.25,,26.4,45.93,,53.73,,1931.95,11.86,1876.83,0.60%,97.10%,2.20%
2008,Inner Mongolia,50222.82,1412.77,,64.57,41.97,,42.8,,2183.85,11.18,2071.98,0.50%,94.90%,4.60%
2009,Inner Mongolia,60058.45,1838.39,,48.1,49.65,,51.13,,2242.37,14.82,2073.49,0.70%,92.50%,6.90%
2010,Inner Mongolia,,2034,,30.78,42.1,,79.3,,2489,16.29,2226.55,0.70%,89.50%,9.90%
2011,Inner Mongolia,,2482,,11.2,34.3,,93.6,,2973,12.21,2639,0.40%,88.80%,10.80%
2012,Inner Mongolia,,2569,,7.2,15.3,,76.4,,3172,17.66,2845.29,0.60%,89.70%,9.70%
2013,Inner Mongolia,,3180,,9.26,147.5,2.17,207.87,10.04,3567,19.74,3167.64,0.60%,88.80%,10.60%
2014,Inner Mongolia,99391,3446,21.5,7.97,151.87,7.75,214.67,15.45,3977,37.49,3522.75,0.90%,88.60%,10.50%
2015,Inner Mongolia,90957,3041,45.8,6.81,147.91,9.13,177.29,9.24,3929,36.42,3427.49,0.90%,87.20%,11.80%
2016,Inner Mongolia,84559,2817,44.9,5.18,176.62,14.22,177.58,0.27,3950,27.48,3374.88,0.70%,85.40%,13.90%
2017,Inner Mongolia,90597,3046,12.2,7.96,176.69,24,192.04,0.19,4413,20.11,3741.98,0.50%,84.80%,14.70%
2018,Inner Mongolia,99102,3423,12,6.48,151.7,13.03,159.46,16.07,4961,36.49,4164.48,0.70%,83.90%,15.30%
2019,Inner Mongolia,109068,3677,14.9,8.01,178.63,19.79,172.19,22.07,5495,58.07,4608.41,1.10%,83.90%,15.10%
2020,Inner Mongolia,102551,4223,13.6,7.68,167.02,16.55,168.4,25.55,5811,57.35,4841.2,1.00%,83.30%,15.70%
2021,Inner Mongolia,106990,4658,42.1,7.64,169.5,20.39,160.35,289.75,6120,49.02,4891.8,0.80%,79.90%,19.30%
2022,Inner Mongolia,121354,4672,46.3,6.5,139.45,7.93,164.02,307.22,6619,42.71,5254.82,0.60%,79.40%,20.00%
1991,Ningxia,1403,38.93,23.02,5.05,6.75,,6.4,0.04,63.11,8.38,54.73,13.30%,86.70%,0.00%
1995,Ningxia,1480.33,43,39,10.24,23.57,,24.92,0.62,108,9.3,98.48,8.60%,91.20%,0.20%
1996,Ningxia,1616,38.82,55.79,8.49,25.66,,25.22,6189,111.63,8.33,103.3,7.50%,92.50%,0.00%
1997,Ningxia,1670,33.27,80.18,13.71,28.51,0.11,29.2,2576,113.42,7.01,106.41,6.20%,93.80%,0.00%
1998,Ningxia,1583,28.73,111,11.19,27.94,0.48,31.17,1066,110.63,8.03,102.6,7.30%,92.70%,0.00%
1999,Ningxia,1531,23.76,128.29,9.75,26.82,0.06,33.37,0.12,112.28,9.82,102.46,8.70%,91.30%,0.00%
2000,Ningxia,1581,30,139,10.54,26.91,,33.44,0.15,137,8.18,128.43,6.00%,93.70%,0.30%
2001,Ningxia,1635.72,25.48,4.29,6.25,35.36,,41.17,0.08,150.3,7.59,142.71,5.00%,95.00%,0.00%
2002,Ningxia,1707.31,27.88,,2.03,29.06,,33.1,,171.02,7.78,163.24,4.50%,95.50%,0.00%
2003,Ningxia,2047.9,45.21,,5.28,38.77,,50.73,,206.13,7.28,198.85,3.50%,96.50%,0.00%
2004,Ningxia,2432.7,98.93,4.1,3.59,48.51,,63.24,,253.66,9.4,243.99,3.70%,96.20%,0.10%
2005,Ningxia,2607.86,117,,3.23,58.17,,76.57,,313,16.41,295.19,5.20%,94.30%,0.40%
2006,Ningxia,3273.02,82.87,,3.05,58.15,,77.64,,388.42,16.38,367.31,4.20%,94.60%,1.20%
2007,Ningxia,3771.84,128.04,,2.85,51.72,,69.15,,452.96,17.47,432.45,3.90%,95.50%,0.70%
2008,Ningxia,4325.35,119.35,,2.97,65.56,,85.6,,471.17,16.08,449.28,3.40%,95.40%,1.20%
2009,Ningxia,5509.53,277.76,3.14,2.74,69.38,,79.94,,479.85,17.36,454.6,3.60%,94.70%,1.60%
2010,Ningxia,,424,3.1,3.1,76.8,,92.3,,587,18.02,551.36,3.10%,93.90%,3.00%
2011,Ningxia,,438,3.6,1.7,46.5,,53.3,3.02,939,16.75,909.42,1.80%,96.80%,1.40%
2012,Ningxia,,577,2.3,9.9,174,,182,3.33,1010,19.06,954.7,1.90%,94.50%,3.60%
2013,Ningxia,,705,6.1,7.71,205.35,7.04,197.66,,1105,18.76,1011.6,1.70%,91.50%,6.80%
2014,Ningxia,8563,784,7.9,7.67,193.54,8.65,193.11,,1196,17.46,1086.89,1.50%,90.90%,7.70%
2015,Ningxia,7976,758,13.4,25.64,219.53,14.22,205.31,,1155,15.53,1017.09,1.30%,88.10%,10.60%
2016,Ningxia,7069,768,6.2,19.95,259.01,19.64,237.21,,1144,14.02,953.56,1.20%,83.40%,15.40%
2017,Ningxia,7644,755,0.7,25.92,247.59,18.7,302.22,,1406,15.45,1167.14,1.10%,83.00%,15.90%
2018,Ningxia,7840,737,,38.42,195.42,24.11,250.88,,1672,19.76,1367.77,1.20%,81.80%,17.00%
2019,Ningxia,7477,791,,61.85,205.81,25,237.44,,1766,21.87,1443.87,1.20%,81.80%,17.00%
2020,Ningxia,8152,921,,25.57,168.64,14.44,200.89,,1882,22.5,1529.99,1.20%,81.30%,17.50%
2021,Ningxia,8670,965,135.3,22.57,202.71,17.96,217.13,0.21,2083,20.72,1597.68,1.00%,76.70%,22.30%
2022,Ningxia,9479,1225,130.7,20.62,215.49,10.49,250.03,0.16,2235,18.45,1721.16,0.80%,77.00%,22.20%
1991,Qinghai,287,1.12,102,7.82,3.24,,4.72,0.75,59.81,44,15.81,73.60%,26.40%,0.00%
1995,Qinghai,277.62,1,121.7,19.72,29.48,,20.99,0.64,60,42.57,17.85,71.00%,29.80%,-0.70%
1996,Qinghai,297,3.46,140.12,11.31,18.49,,13.3,12666,61.75,33.54,28.21,54.30%,45.70%,0.00%
1997,Qinghai,329,4.27,160.24,7.13,21.54,,13.54,22034,84.26,50.2,34.06,59.60%,40.40%,0.00%
1998,Qinghai,321,4.64,176.13,5.33,22,,16.87,26801,100.49,66.55,33.93,66.20%,33.80%,0.00%
1999,Qinghai,214,2.97,189.59,1.74,20.77,,21.93,3.47,114.36,87.48,26.88,76.50%,23.50%,0.00%
2000,Qinghai,145.44,2,200,6.39,20.78,,22.63,3.91,134,107.69,26.1,80.40%,19.50%,0.20%
2001,Qinghai,192,3.09,206.03,4.27,21.77,,24.96,5.87,141.67,94.59,44.98,66.80%,31.70%,1.50%
2002,Qinghai,249.77,2,214.02,2.5,20.89,,25.27,11.51,139.49,88.97,50.52,63.80%,36.20%,0.00%
2003,Qinghai,310.57,0.03,220.02,1.97,22.57,,26.41,15.57,130.48,66.6,63.88,51.00%,49.00%,0.00%
2004,Qinghai,452.26,,222.02,2.75,26.32,,36.14,17.94,172.51,111.3,61.21,64.50%,35.50%,0.00%
2005,Qinghai,595.66,2,221.5,2.11,29.4,,44.31,22.26,216,160.58,55.63,74.30%,25.80%,-0.10%
2006,Qinghai,694.8,34.44,223,2.33,31.52,,47.51,25.03,281.62,209.58,72.04,74.40%,25.60%,0.00%
2007,Qinghai,963.64,83.82,220.66,4.19,32.6,,49.58,34.02,307.66,207.76,99.9,67.50%,32.50%,0.00%
2008,Qinghai,1293.64,144.18,220.35,3.43,30.89,,46.59,43.65,310.46,207.1,103.23,66.70%,33.30%,0.00%
2009,Qinghai,1283.61,141.42,186.37,2.69,23.62,,37.27,43.07,377.94,276.32,101.62,73.10%,26.90%,0.00%
2010,Qinghai,,130,186.1,3.34,40.8,,56.7,56.1,468,371.11,97.15,79.30%,20.80%,-0.10%
2011,Qinghai,,168,195,4.2,46.3,,73,65,463,370.87,91.8,80.10%,19.80%,0.10%
2012,Qinghai,,240,205,4.1,42.1,,67.5,64.28,584,455.5,114.7,78.00%,19.60%,2.40%
2013,Qinghai,,252,214.5,4.25,44.89,,65.49,68.06,611,435.49,134.43,71.30%,22.00%,6.70%
2014,Qinghai,1833,133,220,3.81,49.34,,61.97,68.9,581,391.28,129.86,67.30%,22.40%,10.30%
2015,Qinghai,816,,223,3.5,53.91,,67.32,61.37,566,364.33,122,64.40%,21.60%,14.10%
2016,Qinghai,787,134,221,3.93,52.47,,63.45,60.81,553,300.85,152.19,54.40%,27.50%,18.10%
2017,Qinghai,842,151,228,4.1,51.68,,66.9,64.01,615,328.14,161.24,53.40%,26.20%,20.40%
2018,Qinghai,821,172,223.3,3.92,45.83,,61.17,64.05,811,517.9,124.36,63.90%,15.30%,20.80%
2019,Qinghai,1286,191,228,4.13,53.01,3.37,65.59,64,886,554.04,107.37,62.50%,12.10%,25.30%
2020,Qinghai,1092,183,228.5,2.66,53.27,0.7,66.9,64.01,952,599,104.54,62.90%,11.00%,26.10%
2021,Qinghai,1109,158,234,3.32,49.68,,63.47,62,996,504.94,150.01,50.70%,15.10%,34.20%
2022,Qinghai,936,90,235,4.64,52.44,0.59,68.78,60,998,426.78,159.54,42.80%,16.00%,41.30%
1991,Shandong,6054,271.89,3355.19,307.92,165.65,15.99,237.32,14.38,496.4,0.79,495.61,0.20%,99.80%,0.00%
1995,Shandong,8827.27,465,3006.3,334.33,214.88,24.89,328.63,12.85,739,0.4,738.83,0.10%,100.00%,0.00%
1996,Shandong,8949,343.41,2911.64,327.82,56.28,35.98,359.63,119085,793.03,0.8,792.33,0.10%,99.90%,0.00%
1997,Shandong,9094,319.08,2801.34,299.73,57.08,42.54,423.41,100220,840.3,0.46,839.85,0.10%,99.90%,0.00%
1998,Shandong,8977,320.4,2731,331.59,54.94,53.77,384.49,91836,823.79,0.07,823.72,0.00%,100.00%,0.00%
1999,Shandong,8995,339.66,2665.23,302.74,244.58,41.66,455.49,7.33,910.51,0.06,910.45,0.00%,100.00%,0.00%
2000,Shandong,8038.59,362,2675.7,274.66,280.15,44.96,540.04,6.88,1005,0.03,1005.14,0.00%,100.00%,0.00%
2001,Shandong,10824.96,361.51,2668.01,323.72,273.79,45.1,564.04,8.5,1104.35,0.01,1068.95,0.00%,96.80%,3.20%
2002,Shandong,13065.97,369.73,2671.51,338.73,291.65,46.73,609.13,7.5,1220.84,0.01,1220.73,0.00%,100.00%,0.00%
2003,Shandong,14667.27,596.56,2665.51,421.08,361.76,50.85,669.78,8.1,1396.97,0.2,1396.77,0.00%,100.00%,0.00%
2004,Shandong,14764.28,1124.76,2590.19,429.98,438.54,59.44,875.31,9.25,1688.19,0.98,1681.78,0.10%,99.60%,0.30%
2005,Shandong,14030,1709,2694.5,602.62,474.54,34.65,939.01,9.25,1911,1.3,1909.59,0.10%,99.90%,0.00%
2006,Shandong,14069.45,2154.03,2755.07,434.14,500.33,31.71,1040.8,8.55,2314.53,0.17,2309.22,0.00%,99.80%,0.20%
2007,Shandong,14518.34,2737.19,2793.05,347.49,558.22,35.07,1107.53,7.84,2698.03,0.77,2691.43,0.00%,99.80%,0.20%
2008,Shandong,13742.5,2942.3,2829.62,597.56,799.7,37.88,1645.17,8.85,2647.5,2.8,2598.25,0.10%,98.10%,1.80%
2009,Shandong,14377.72,3127.98,2828.21,428.96,962.2,68.03,1938.55,9.05,2859.9,1.74,2828.88,0.10%,98.90%,1.00%
2010,Shandong,,3429,2786,365.19,1195.46,86.7,2263.86,5.33,3043,2.14,3003.6,0.10%,98.70%,1.20%
2011,Shandong,,3973,2713.5,327.9,1286.3,92.2,2463.5,5.2,3169,2.03,3128.18,0.10%,98.70%,1.20%
2012,Shandong,,4225,2774.7,398.4,1525.36,114.9,2666.36,6,3212,1.23,3141.53,0.00%,97.80%,2.20%
2013,Shandong,,4396,2726.4,871.47,1670.96,163.5,2885.08,5.11,3549,3.45,3464.17,0.10%,97.60%,2.30%
2014,Shandong,14684,4608,2713.2,917.81,2188.35,199.53,3244.32,4.92,4655,5.19,4528.47,0.10%,97.30%,2.60%
2015,Shandong,14220,4365,2608,928.84,2650.54,200.79,3952.2,4.57,4685,7.77,4545.63,0.20%,97.00%,2.80%
2016,Shandong,12818,4420,2295.3,1192.75,3252.16,257.86,4882.1,4.22,5329,13.92,5142.88,0.30%,96.50%,3.20%
2017,Shandong,13160,3934,2234.9,1245.07,3145.3,289.02,5083.25,4.15,5775,6.46,5546.69,0.10%,96.00%,3.80%
2018,Shandong,12556,4376,2242.1,840.7,2782.04,305.29,3986,4.8,5920,4.64,5524.79,0.10%,93.30%,6.60%
2019,Shandong,11918,4921,2226,724.31,2321.06,270.03,3125.04,4.98,5897,5.23,5292.91,0.10%,89.80%,10.20%
2020,Shandong,10945,3163,2219.2,954.81,2042.49,187.63,2897.33,5.77,5806,8.66,5141.56,0.10%,88.60%,11.30%
2021,Shandong,9312,3187,2210.7,1165.51,2631.32,163.4,3117.56,6.22,6210,12.36,5281.04,0.20%,85.00%,14.80%
2022,Shandong,8753,2911,2200.3,1238.76,2840.71,133.87,4357.21,7.97,6204,28.08,5091.57,0.50%,82.10%,17.50%
1991,Shanxi,29162,1455.42,,,,,0.06,0.59,341.38,5.81,335.57,1.70%,98.30%,0.00%
1995,Shanxi,34731.29,5298,,,,,0.16,0.47,506,7.11,498.85,1.40%,98.60%,0.00%
1996,Shanxi,34881,5396.86,,0.1,,,0.1,4882,526.89,7.37,519.52,1.40%,98.60%,0.00%
1997,Shanxi,33843,5279.13,,0.05,2.35,,2.51,9199,546.02,5.76,540.26,1.10%,98.90%,0.00%
1998,Shanxi,31482,5703.12,,,,,,10361,554.03,6.01,548.02,1.10%,98.90%,0.00%
1999,Shanxi,24894,4959.85,,,,,,1.09,569.83,11.39,558.45,2.00%,98.00%,0.00%
2000,Shanxi,19602.7,4967,,,,,,1.14,620,13.04,607.27,2.10%,97.90%,0.00%
2001,Shanxi,27614.67,4987.72,,,,,,1.58,710.33,16.73,691.14,2.40%,97.30%,0.30%
2002,Shanxi,24361.3,5852,,,,,,2.06,842.01,18.83,823.18,2.20%,97.80%,0.00%
2003,Shanxi,29508.66,6747.41,,,,,,2.5,965.01,19.29,945.71,2.00%,98.00%,0.00%
2004,Shanxi,48392.72,6582.31,,,0.03,,0.01,,1078.99,21,1058,1.90%,98.10%,0.00%
2005,Shanxi,55426.05,7981,,,,,,3.24,1312,20.32,1291.65,1.50%,98.40%,0.00%
2006,Shanxi,58141.91,9202,,,,,,6.02,1526.37,23.87,1502.5,1.60%,98.40%,0.00%
2007,Shanxi,63020.93,9897.29,,,,,,,1760.5,47.32,1713.18,2.70%,97.30%,0.00%
2008,Shanxi,64501.3,8295.87,,0.18,,,,5.21,1793.78,23.36,1764.93,1.30%,98.40%,0.30%
2009,Shanxi,59353.98,7682.04,,,,,,,1873.8,21.66,1848.76,1.20%,98.70%,0.20%
2010,Shanxi,,8505,,,3.2,,0.2,,2151,36.63,2104,1.70%,97.80%,0.50%
2011,Shanxi,,9010,,,2.8,,,,2344,34.63,2301.73,1.50%,98.20%,0.30%
2012,Shanxi,,8608,,,,,,,2546,43.79,2456.14,1.70%,96.50%,1.80%
2013,Shanxi,,9022,,,10.03,,,25.11,2641,38.87,2551.32,1.50%,96.60%,1.90%
2014,Shanxi,92794,8766,,,2.99,,,31.6,2679,33.06,2576.32,1.20%,96.20%,2.60%
2015,Shanxi,96680,8040,,,0.34,,,43.08,2449,29.26,2330.26,1.20%,95.20%,3.70%
2016,Shanxi,83044,8186,,,,,,43.22,2535,37.5,2362.85,1.50%,93.20%,5.30%
2017,Shanxi,87221,8383,,,0.11,,,46.76,2861,42.46,2607.22,1.50%,91.10%,7.40%
2018,Shanxi,92677,9252,,,,,1.79,53.06,3203,43.18,2853.44,1.30%,89.10%,9.60%
2019,Shanxi,98795,9700,,,,,47.29,82.55,3362,49.07,2960.8,1.50%,88.10%,10.50%
2020,Shanxi,107906,10494,,,,,15,85.93,3504,46.76,3032.5,1.30%,86.50%,12.10%
2021,Shanxi,120346,9857,,,,,42.81,123.35,3926,38.54,3229,1.00%,82.20%,16.80%
2022,Shanxi,132009,9800,,,,,0.44,132.1,4299,36.39,3576.88,0.80%,83.20%,16.00%
1991,Shaanxi,3290,128.35,85.06,19.61,18.7,0.34,22.26,0.27,164.31,16.52,147.74,10.10%,89.90%,0.00%
1995,Shaanxi,4247.85,341,166.9,55.64,49.68,1.65,52.93,0.22,237,25.43,211.34,10.70%,89.20%,0.10%
1996,Shaanxi,4614,272.07,221.47,39.83,59.5,1.31,67.16,1531,268.68,32.88,235.79,12.20%,87.80%,0.00%
1997,Shaanxi,4949,304.09,242.77,72.13,73.14,1.11,96.22,21668,269.78,22.47,247.12,8.30%,91.60%,0.10%
1998,Shaanxi,2278,189.51,321.07,55.73,94.33,0.63,104.05,43235,245.97,31.2,214.77,12.70%,87.30%,0.00%
1999,Shaanxi,2432,151.55,643.17,23.75,180.07,1.41,212.28,12.57,255.05,19.68,235.37,7.70%,92.30%,0.00%
2000,Shaanxi,1983.89,175,746.4,41.54,180.13,8.46,223.19,21.1,272,34.8,237.48,12.80%,87.30%,-0.10%
2001,Shaanxi,5282.2,247.2,918.94,66.63,197.33,8.29,277.59,34.4,424.22,149.14,275.04,35.20%,64.80%,0.00%
2002,Shaanxi,5859.31,245.06,1063.77,90.02,199.4,10.24,308,40.04,343.51,25.92,317.59,7.50%,92.50%,0.00%
2003,Shaanxi,7392.76,871.02,1267.43,103.93,229.59,6.87,358.03,52.86,419.16,46.75,373.35,11.20%,89.10%,-0.20%
2004,Shaanxi,13068.42,573.39,1531.51,98.19,310.54,8.21,453.62,74.46,498.29,42.49,455.9,8.50%,91.50%,0.00%
2005,Shaanxi,15246,591,1778.2,83.69,387.83,,513.38,75.46,549,50.54,495.85,9.20%,90.30%,0.50%
2006,Shaanxi,18261.99,1111.29,1988.89,90.22,410.32,8.92,605.17,80.47,584.7,39.88,544.82,6.80%,93.20%,0.00%
2007,Shaanxi,20353.51,1518.77,2265.87,39.34,465.86,11.32,707.69,110.1,706.87,55.45,651.28,7.80%,92.10%,0.00%
2008,Shaanxi,24162.79,451.21,2463.6,58.85,465.09,15.73,769.5,144.2,853,64.23,786.58,7.50%,92.20%,0.30%
2009,Shaanxi,29611.13,1325,2695.89,42.9,526.21,18.69,801.61,189.52,908.94,74.59,834.37,8.20%,91.80%,0.00%
2010,Shaanxi,,1571,3017.3,85.3,572.5,27.7,854.4,223.5,1112,87.24,1024.89,7.80%,92.20%,0.00%
2011,Shaanxi,,2172,3225.4,30.9,610.8,25.7,853.3,272.2,1222,99.63,1122.04,8.20%,91.80%,0.00%
2012,Shaanxi,,2894,3527.6,61.8,737.7,30.8,921.5,311.3,1342,88.91,1252.07,6.60%,93.30%,0.10%
2013,Shaanxi,,3475,3688,21.64,745.21,29.84,883.97,371.65,1512,110.87,1391.71,7.30%,92.00%,0.60%
2014,Shaanxi,52226,3835,3767.8,18.68,766.18,35.28,895.75,410.11,1630,116.89,1490.57,7.20%,91.40%,1.40%
2015,Shaanxi,52576,3658,3736.7,23.32,705.07,33.08,841.99,415.92,1623,134.26,1452.38,8.30%,89.50%,2.20%
2016,Shaanxi,51566,3921,3502.4,12.41,621.77,30.25,744.2,411.91,1757,125.14,1581.48,7.10%,90.00%,2.90%
2017,Shaanxi,57102,4050,3489.8,157.08,612.73,49.76,722.63,419.4,1846,140.15,1613.54,7.60%,87.40%,5.00%
2018,Shaanxi,62958,4025,3522,152.93,653.56,78.28,697.53,442.89,1920,137.01,1639.69,7.10%,85.40%,7.50%
2019,Shaanxi,63630,4687,2700.1,162.58,640.02,78.67,676.91,481.55,2193,154.98,1860.45,7.10%,84.80%,8.10%
2020,Shaanxi,67973,4897,2693.7,147.68,652.11,73.81,689.53,527.38,2379,128.11,2037.87,5.40%,85.70%,9.00%
2021,Shaanxi,70192,4321,2552.8,138.73,684.04,82.91,693.37,294.13,2740,141.35,2281.76,5.20%,83.30%,11.60%
2022,Shaanxi,74876,4736,2536.6,146.03,701.61,47.13,766.15,307.11,2852,87.3,2395.88,3.10%,84.00%,12.90%
1991,Shanghai,,514.33,,299.54,112.98,36.42,112.35,,304.82,,303.83,0.00%,99.70%,0.30%
1995,Shanghai,,651,,290.4,111,35.84,129.13,,403,,401.93,0.00%,99.70%,0.30%
1996,Shanghai,,637.7,,240.79,140.51,40.43,150.6,,428.64,,423.11,0.00%,98.70%,1.30%
1997,Shanghai,,665.02,,180.23,153.9,42.39,182.51,,458.48,,452.96,0.00%,98.80%,1.20%
1998,Shanghai,,692.44,,141.28,185.03,42.37,196.04,,483.23,,483.23,0.00%,100.00%,0.00%
1999,Shanghai,,718.43,54.71,153.89,217.23,54.53,315.38,,498.01,,498.01,0.00%,100.00%,0.00%
2000,Shanghai,,776,52.7,139.03,263.69,48.38,401.3,2.6,553,,553.09,0.00%,100.00%,0.00%
2001,Shanghai,,739.79,58.93,112.5,240.38,53.12,448.19,3.3,574.88,,572.86,0.00%,99.60%,0.40%
2002,Shanghai,,692.79,47.32,80.2,268.01,65.62,452.46,4.33,608.92,,608.92,0.00%,100.00%,0.00%
2003,Shanghai,,741.65,38.02,94.75,297.94,105.06,571.35,4.97,687.63,,687.51,0.00%,100.00%,0.00%
2004,Shanghai,,746.58,31.86,118.63,290.56,137.05,637.89,5.73,705.02,,703.77,0.00%,99.80%,0.20%
2005,Shanghai,,762,25.3,119.67,263.45,144.25,717.86,6.04,734,,728.74,0.00%,99.30%,0.70%
2006,Shanghai,,735.57,21.48,112.99,248.16,112.27,639.32,5.64,720.74,,720.33,0.00%,99.90%,0.10%
2007,Shanghai,,749.89,20.69,109.65,211.1,121.19,603.47,5.07,739.14,,736.25,0.00%,99.60%,0.40%
2008,Shanghai,,705.8,14.6,51.5,244.88,136.98,747.98,4.29,773.62,,765.25,0.00%,98.90%,1.10%
2009,Shanghai,,660.79,9.1,15.15,260.04,149.71,682.63,4.03,778.2,,767.77,0.00%,98.70%,1.30%
2010,Shanghai,,631,8.3,29.57,259.7,149.3,773.6,3.3,876,,864.79,0.00%,98.70%,1.30%
2011,Shanghai,,641,8.1,29.3,274.4,150.1,798.9,3,949,,946,0.00%,99.70%,0.30%
2012,Shanghai,,633,5.3,17.3,305,165.1,822.1,2.9,886,,882.45,0.00%,99.60%,0.40%
2013,Shanghai,,540,7.9,40.79,499.24,222.69,859.25,2.35,959,,951.51,0.00%,99.20%,0.80%
2014,Shanghai,,489,5.7,42.94,471.59,244.61,685.12,2.12,793,,789.53,0.00%,99.60%,0.40%
2015,Shanghai,,534,6.8,27.82,537.31,292.93,761,1.88,793,,787.55,0.00%,99.30%,0.70%
2016,Shanghai,,543,6.5,21.7,536.12,292.39,708.79,2.02,807,,800.14,0.00%,99.10%,0.90%
2017,Shanghai,,557,6.8,12.99,570.01,292.8,707.14,1.71,852,,836.13,0.00%,98.10%,1.90%
2018,Shanghai,,545,6.5,19.59,528.43,257.91,637.01,14.54,848,,823.75,0.00%,97.10%,2.90%
2019,Shanghai,,549,39.1,36.04,607.57,341.81,696.99,12.47,822,,797.45,0.00%,97.00%,3.00%
2020,Shanghai,,541,52,104.37,552.79,229.87,690.66,15.11,862,,832.98,0.00%,96.60%,3.40%
2021,Shanghai,,541,50.9,131.59,541.6,213.68,552.58,17.24,1003,,969.37,0.00%,96.60%,3.40%
2022,Shanghai,,515,53.6,105.18,483.8,184.55,543.79,19.47,955,,912.6,0.00%,95.60%,4.40%
1991,Sichuan,6904,536.15,13.78,2.36,4.71,1.03,3.14,67.3,379.58,155.06,224.52,40.90%,59.10%,0.00%
1995,Sichuan,9560.75,708,17.2,3.58,5.92,2.76,5.78,76.64,576,259.79,316.18,45.10%,54.90%,0.00%
1996,Sichuan,9625,749.88,21.28,3.38,4.95,2.77,,803699,618,268.8,349.2,43.50%,56.50%,0.00%
1997,Sichuan,6223,563.1,23.25,3.27,6.2,2.29,5.71,800268,491.97,246.84,245.1,50.20%,49.80%,0.00%
1998,Sichuan,5697,366.05,22.38,3.86,7.13,3.31,5.22,856600,475.55,252.68,222.87,53.10%,46.90%,0.00%
1999,Sichuan,2087,373.33,20.88,4.72,6.42,4.38,5.76,82.15,443.86,260.4,183.46,58.70%,41.30%,0.00%
2000,Sichuan,2061.95,382,17.3,4.1,8.42,4.23,11.14,88.6,500,315.11,185.13,63.00%,37.00%,0.00%
2001,Sichuan,4371.75,517.24,14.68,3.93,10.61,5.5,14.02,94.5,633.38,422.36,208.77,66.70%,33.00%,0.40%
2002,Sichuan,2753.89,486.13,14.05,4.36,11.52,2.76,16.41,100.06,695.74,409.85,285.65,58.90%,41.10%,0.00%
2003,Sichuan,3133.88,606.51,13.92,1.87,13.24,1.41,27.07,113.43,849.26,480.15,368.45,56.50%,43.40%,0.10%
2004,Sichuan,7651.35,819.09,14.62,0.23,18.33,1.42,39.72,114.03,934.49,620.57,313.79,66.40%,33.60%,0.00%
2005,Sichuan,8125.05,828,13.9,,23.2,1.44,48.52,142.3,1019,653.35,365.42,64.10%,35.90%,0.00%
2006,Sichuan,8600,945.81,17.98,,32.47,1.88,61.22,159.95,1226.58,784.65,441.93,64.00%,36.00%,0.00%
2007,Sichuan,9557.74,1048.93,18.14,,45.53,1.43,80.56,187.46,1262.92,814.13,448.6,64.50%,35.50%,0.00%
2008,Sichuan,9495.46,1100.09,22.75,4.56,51.61,1.11,83.43,194.23,1382.97,980.86,400.85,70.90%,29.00%,0.10%
2009,Sichuan,8997.34,1166.98,21.68,8.95,69.4,0.83,102.68,193.56,1578.78,1065.41,513.09,67.50%,32.50%,0.00%
2010,Sichuan,,1159,15.1,14.39,57.8,1.1,83.3,237.65,1795,1213.42,570.21,67.60%,31.80%,0.60%
2011,Sichuan,,1281,16.2,26.2,76.2,0.9,86.6,265.53,1981,1364.02,609.42,68.90%,30.80%,0.40%
2012,Sichuan,,1312,17.5,27.3,65.2,1.2,86,242.26,2151,1562.46,587.9,72.60%,27.30%,0.00%
2013,Sichuan,,1400,22.4,27.9,74.07,1.86,59.11,244.81,2631,2002.01,628.1,76.10%,23.90%,0.00%
2014,Sichuan,7663,1356,19.2,40.72,194.8,0.42,313.63,253.53,3095,2501.14,589.62,80.80%,19.10%,0.10%
2015,Sichuan,6406,1304,15.4,49.51,217.44,29.07,340.91,267.22,3130,2667.64,450.13,85.20%,14.40%,0.40%
2016,Sichuan,6165,1275,10.8,46.04,256.58,46.88,289.16,296.91,3274,2852.07,397.83,87.10%,12.20%,0.70%
2017,Sichuan,4799,1072,8.7,30.59,280.34,46.05,291.88,356.39,3452,3023.56,374.28,87.60%,10.80%,1.60%
2018,Sichuan,3736,1084,8.1,24.48,181.21,46.94,179.27,369.86,3693,3162.67,453.47,85.60%,12.30%,2.10%
2019,Sichuan,3397,1066,8.4,28.32,262.39,84.78,243.48,416.88,3924,3316.01,508.47,84.50%,13.00%,2.50%
2020,Sichuan,2240,1074,7.9,14.95,232.3,97.78,216.84,463.34,4182,3541.38,527.65,84.70%,12.60%,2.70%
2021,Sichuan,1953,1059,9.2,16.19,260.67,122.1,206.16,522.21,4530,3724.46,666.79,82.20%,14.70%,3.10%
2022,Sichuan,2269,1039,11.9,26.15,213.88,108.94,234.53,554.06,4846,3886.56,794.61,80.20%,16.40%,3.40%
1991,Tianjin,,141.22,474.9,143.56,70.84,10.24,83.33,3.61,90.27,0.2,88.86,0.20%,98.40%,1.30%
1995,Tianjin,,175,620.8,142.38,94.02,8.85,119.44,7.57,134,0.21,131.58,0.20%,98.20%,1.60%
1996,Tianjin,,183.53,646.6,124.24,95.86,7.89,131.13,75775,146.04,,145.82,0.00%,99.80%,0.20%
1997,Tianjin,,170.38,645.9,97,127.24,12.44,167.85,75829,178.19,,178.19,0.00%,100.00%,0.00%
1998,Tianjin,,161.93,691.28,59.18,117.04,9.76,168.7,75941,165.3,0.21,165.3,0.10%,100.00%,-0.10%
1999,Tianjin,,156.72,687.05,36.64,122.49,15.36,215.08,8.54,181.29,0.19,181.1,0.10%,99.90%,0.00%
2000,Tianjin,,171,764,40.6,122.02,32.57,246.82,9.1,211,0.14,211.35,0.10%,100.20%,-0.20%
2001,Tianjin,,219.3,970.29,41.33,131.3,22.37,274,8.95,217.43,,217.43,0.00%,100.00%,0.00%
2002,Tianjin,,282.38,1215.94,32.6,110.44,26.9,259.89,8.88,268.83,,268.83,0.00%,100.00%,0.00%
2003,Tianjin,,310.84,1316.3,50.17,124.61,27.07,278.71,8.49,320.07,,320.07,0.00%,100.00%,0.00%
2004,Tianjin,,376.68,1446.21,102.02,130.89,29.19,310.24,8.72,339.76,,339.76,0.00%,100.00%,0.00%
2005,Tianjin,,361,1793,29.38,145.42,25.83,364.54,8.79,369,,365.69,0.00%,99.10%,0.90%
2006,Tianjin,,376.22,1943.09,25.92,129.83,27.42,386.99,10.5,359.24,,359.24,0.00%,100.00%,0.00%
2007,Tianjin,,339.09,1924.28,32.76,150.1,35.12,383.48,13.34,393.27,0.14,393.13,0.00%,100.00%,0.00%
2008,Tianjin,,267.14,1993.86,54.56,117.17,21.8,340.19,14.01,382.26,0.14,377.93,0.00%,98.90%,1.10%
2009,Tianjin,,307.58,2296.96,18.31,136.41,32.74,338.69,14.3,415.77,,389.67,0.00%,93.70%,6.30%
2010,Tianjin,,238,3332.7,62.68,164.6,81.2,602.7,17.2,589,,559.6,0.00%,95.00%,5.00%
2011,Tianjin,,234,3187.8,21.9,178.2,115,646,18.4,621,,619.52,0.00%,99.80%,0.20%
2012,Tianjin,,229,3098.3,23.3,183.6,94.5,607.1,18.7,590,,587.32,0.00%,99.50%,0.50%
2013,Tianjin,,260,3044.5,19.34,211.31,130.76,659.53,18.73,624,0.2,619.05,0.00%,99.20%,0.80%
2014,Tianjin,,229,3074.8,12.16,199.6,134.14,582.43,21.15,626,0.18,619.84,0.00%,99.00%,1.00%
2015,Tianjin,,196,3496.8,5.69,245.84,157.42,545.26,20.54,623,0.16,615.45,0.00%,98.80%,1.20%
2016,Tianjin,,205,3273.3,2.67,229.06,125.62,450.88,19.69,618,0.03,611.51,0.00%,98.90%,1.00%
2017,Tianjin,,158,3102.4,0.64,251.95,172.09,467.73,21.5,638,0.07,626.81,0.00%,98.20%,1.70%
2018,Tianjin,,165,3085.5,2.11,288.53,190.85,466.87,33.94,725,0.15,708.49,0.00%,97.70%,2.30%
2019,Tianjin,,158,3111.9,2.07,291.18,209.52,464.93,34.9,733,0.12,706.6,0.00%,96.40%,3.60%
2020,Tianjin,,175,3242.2,4.7,279.94,98.82,334.69,36.31,772,0.1,741.04,0.00%,96.00%,4.00%
2021,Tianjin,,154,3407,24.28,415.85,127.48,244,39.02,800,0.21,761.85,0.00%,95.20%,4.70%
2022,Tianjin,,157,3575.3,123.33,361.74,103.79,318.3,41.17,765,0.14,715.72,0.00%,93.60%,6.40%
1991,Tibet,1,,,,,,,,3.45,2.5,0.08,72.50%,2.30%,25.20%
1995,Tibet,,,,,,,,,5,3.04,0.25,60.80%,5.00%,34.20%
1996,Tibet,,,,,,,,,4.26,2.92,0.24,68.50%,5.60%,25.80%
1997,Tibet,1,,,,,,,,5.78,4.51,0.21,78.00%,3.60%,18.30%
1999,Tibet,2,,,,,,,,6.33,5.22,0.04,82.50%,0.60%,16.90%
2000,Tibet,2.13,,,,,,,,7,5.54,0.05,79.10%,0.70%,20.10%
2001,Tibet,2.53,,,,,,,,6.97,5.9,0.05,84.60%,0.70%,14.60%
2002,Tibet,1.56,,,,,,,,7.96,6.88,0.07,86.40%,0.90%,12.70%
2003,Tibet,2.21,,,,,,,,,,,,,
2004,Tibet,1.64,,,,,,,,11.51,10.32,0.08,89.70%,0.70%,9.60%
2005,Tibet,3.35,,,,,,,,13,12.1,0.08,93.10%,0.60%,6.30%
2006,Tibet,,,,,,,,,15.15,13.79,0.09,91.00%,0.60%,8.40%
2007,Tibet,,,,,,,,,15.17,13.99,0.01,92.20%,0.10%,7.70%
2008,Tibet,,,,,,,,,18.46,14.53,0.14,78.70%,0.80%,20.50%
2009,Tibet,,,,,,,,,18,15.27,1.31,84.80%,7.30%,7.90%
2010,Tibet,,,,,,,,,21,15.85,3.82,75.50%,18.20%,6.30%
2011,Tibet,,,,,,,,,27,20.62,4.6,76.40%,17.00%,6.60%
2012,Tibet,,,,,,,,,26,18.98,4.6,73.00%,17.70%,9.30%
2013,Tibet,,,,,,,,,29,19.75,6.76,68.10%,23.30%,8.60%
2014,Tibet,,,,,,,,,36,29.03,3.62,80.60%,10.10%,9.30%
2015,Tibet,,,,,,,,,45,39.51,1.49,87.80%,3.30%,8.90%
2016,Tibet,,,,,,,,,54,48.78,1.82,90.30%,3.40%,6.30%
2017,Tibet,,,,,,,,,59,51.14,1.62,86.70%,2.70%,10.60%
2018,Tibet,,,,,,,,,69,57.28,2.93,83.00%,4.20%,12.70%
2019,Tibet,,,,,,,,,86,68.49,3.88,79.60%,4.50%,15.80%
2020,Tibet,,,,,,,,,89,70.24,4.12,78.90%,4.60%,16.40%
2021,Tibet,,,,,,,,,113,93.22,3.48,82.50%,3.10%,14.40%
2022,Tibet,,,,,,,,,128,105.57,3.19,82.50%,2.50%,15.00%
1991,Xinjiang,2112,65.27,783,95.82,140.66,11.21,156.14,5.54,78.34,14.67,63.61,18.70%,81.20%,0.10%
1995,Xinjiang,2720.74,92,1297.8,111.22,178.53,15.8,231.88,11.81,120,22.82,97.27,19.00%,81.10%,-0.10%
1996,Xinjiang,2986,97.99,1457.1,118.98,198.32,16.95,264.34,140609,136.03,24.49,111.15,18.00%,81.70%,0.30%
1997,Xinjiang,3021,105.99,1629.25,109.63,208.43,18.02,304.42,213006,150.58,26.97,123.02,17.90%,81.70%,0.40%
1998,Xinjiang,2900,81.9,1626.54,90.95,225.86,23.04,335.48,238373,158.25,27.84,130.41,17.60%,82.40%,0.00%
1999,Xinjiang,2781,91.7,1739.31,56.74,206.9,28.74,356.69,31.06,167.07,30.04,135.33,18.00%,81.00%,1.00%
2000,Xinjiang,2745.82,95,1848.2,67.26,211.86,31.75,364.79,35.38,182,30.83,149.29,16.90%,82.00%,1.00%
2001,Xinjiang,2819.61,110.09,1926.19,63.48,200.45,20.8,407.82,41.24,197.61,34.1,151.3,17.30%,76.60%,6.20%
2002,Xinjiang,1582.28,106.34,2015.19,38.62,197.87,19.55,429.4,46.08,195.37,29.21,164.43,15.00%,84.20%,0.90%
2003,Xinjiang,1845.71,126.25,2120.39,27.02,220.88,19.6,446.78,49.84,233.53,36.33,195.1,15.60%,83.50%,0.90%
2004,Xinjiang,3263,152.03,2237,28.58,235.85,24.45,523.1,57.23,263.84,35.03,226.34,13.30%,85.80%,0.90%
2005,Xinjiang,3855.66,249,2406.4,33.61,238.06,32.14,697.27,106.71,310,42.33,265.48,13.70%,85.60%,0.70%
2006,Xinjiang,4316.75,273.38,2474.74,49.42,252.03,34.79,759.46,164.2,357.14,53.42,299.01,15.00%,83.70%,1.30%
2007,Xinjiang,4915.52,430.58,2604.31,54.65,276.76,30.6,819.96,210.2,413.62,58.84,349.2,14.20%,84.40%,1.30%
2008,Xinjiang,6735.88,610.72,2715.13,34.76,280.18,38.65,826.75,235.89,489.07,73.93,404.25,15.10%,82.70%,2.20%
2009,Xinjiang,7646,899.45,2512.86,28.74,274.57,30.86,835.78,245.39,549.07,79.55,447.82,14.50%,81.60%,4.00%
2010,Xinjiang,,1188,2558.2,19.33,268.15,45.6,976.1,249.9,679,97.08,550.9,14.30%,81.10%,4.60%
2011,Xinjiang,,1377,2615.6,10.1,233.53,46.1,1097.4,235.33,875,114.58,731.02,13.10%,83.50%,3.40%
2012,Xinjiang,,1441,2670.7,10.3,239.28,59,1059.1,253.01,1237,139.66,1047.52,11.30%,84.70%,4.00%
2013,Xinjiang,,2137,2792.5,47.14,277.35,62.66,1063.15,283.98,1668,206.95,1357.29,12.40%,81.40%,6.20%
2014,Xinjiang,14520,2235,2875.3,46.77,320.88,65.27,1213.38,296.7,2100,165.91,1758.03,7.90%,83.70%,8.40%
2015,Xinjiang,15221,1662,2795.1,45.44,323.63,72.25,1049.58,293.02,2479,209.05,2061.52,8.40%,83.20%,8.40%
2016,Xinjiang,16073,1574,2564.9,44.84,356.48,79,948.91,291.21,2719,224.75,2219.36,8.30%,81.60%,10.10%
2017,Xinjiang,17782,1591,2591.8,53.36,392.49,83.57,916.21,307.04,3037,244.12,2384.74,8.00%,78.50%,13.40%
2018,Xinjiang,21352,1765,2647.4,45.32,395.17,96.34,849.09,321.84,3306,251.42,2572.95,7.60%,77.80%,14.60%
2019,Xinjiang,24165,1989,2789.4,31.7,423.24,110.61,857.19,341.08,3670,292,2829.19,8.00%,77.10%,15.00%
2020,Xinjiang,26966,2247,2914.8,75.5,366.6,66.82,871.68,369.83,4122,268.2,3262.87,6.50%,79.20%,14.30%
2021,Xinjiang,32148,2500,2990.4,41.24,419.17,88.42,876.74,387.59,4684,275.63,3675.91,5.90%,78.50%,15.60%
2022,Xinjiang,41305,2636,3213.3,26.77,398.84,66.17,961.49,406.68,4793,341.2,3667.81,7.10%,76.50%,16.40%
1991,Yunnan,2194,249.07,,,,,,,140.85,93.12,47.73,66.10%,33.90%,0.00%
1995,Yunnan,2803.2,370,10.2,0.58,,,,1.81,228,162.05,66.37,71.10%,29.10%,-0.20%
1996,Yunnan,3072,388.87,,,,,,18,253.65,182.45,71.2,71.90%,28.10%,0.00%
1997,Yunnan,3297,424.28,0.16,0.2,0.19,,0.16,321,253.14,167.63,85.51,66.20%,33.80%,0.00%
1998,Yunnan,3091,405.84,5.04,2.28,14.7,0.69,18.22,8882,264.62,169.98,94.64,64.20%,35.80%,0.00%
1999,Yunnan,2664,387.76,3.44,2.61,13.87,,20.84,0.88,298.2,184.91,113.29,62.00%,38.00%,0.00%
2000,Yunnan,994.13,221,,,,,,0.05,298,196.53,101.32,65.90%,34.00%,0.10%
2001,Yunnan,2394.12,444.02,,,,,,0.09,359.52,216.48,142.99,60.20%,39.80%,0.00%
2002,Yunnan,1219.34,532.33,,,,,,0.15,373.16,209.24,163.93,56.10%,43.90%,0.00%
2003,Yunnan,1399.39,659.67,,,,,,0.24,474.8,280.9,193.91,59.20%,40.80%,0.00%
2004,Yunnan,5045.03,917.59,0.09,0.04,,,,0.18,548.05,299.83,248.22,54.70%,45.30%,0.00%
2005,Yunnan,6462.14,1214,0.1,,,,,0.22,624,349.19,274.89,56.00%,44.10%,0.00%
2006,Yunnan,7339.09,1233.66,,,,,,0.17,753.63,355.72,397.91,47.20%,52.80%,0.00%
2007,Yunnan,7755.19,1184.4,,0.11,,,,0.14,904.5,430.95,473.55,47.60%,52.40%,0.00%
2008,Yunnan,8029.72,1375.88,,1.34,0.02,,0.02,0.06,1078.52,647.28,388.44,60.00%,36.00%,4.00%
2009,Yunnan,5571.26,1456.52,,0.24,,,,0.02,1170.86,622.8,548.05,53.20%,46.80%,0.00%
2010,Yunnan,,1607,,,,,,0.06,1365,814.12,546.25,59.60%,40.00%,0.30%
2011,Yunnan,,1603,,,,,,0.07,1555,1007.43,536.03,64.80%,34.50%,0.70%
2012,Yunnan,,1573,,,,,,0.05,1759,1238.23,493.42,70.40%,28.10%,1.60%
2013,Yunnan,,1747,,,,,,0.02,2181,1656.34,479.3,75.90%,22.00%,2.10%
2014,Yunnan,4741,1508,,,2.91,,,0.02,2526,2058.76,402.8,81.50%,15.90%,2.60%
2015,Yunnan,5184,1150,,,2.08,,,,2553,2177.57,277.85,85.30%,10.90%,3.80%
2016,Yunnan,4587,1090,,,0.66,,,0.02,2693,2278.15,238.04,84.60%,8.80%,6.60%
2017,Yunnan,4675,964,,7.57,103.76,21.84,156.23,0.04,2950,2489.67,240.34,84.40%,8.10%,7.50%
2018,Yunnan,4573,930,,1.92,347.32,96.12,406.36,,3242,2695.31,291.89,83.10%,9.00%,7.90%
2019,Yunnan,5523,1000,,,397.65,110.01,419.74,,3466,2855.85,316.31,82.40%,9.10%,8.50%
2020,Yunnan,5530,1093,,,330,105.36,384.74,,3674,2959.99,414.58,80.60%,11.30%,8.10%
2021,Yunnan,6099,1282,,,314.27,97.67,329.18,,3770,3028.16,455.46,80.30%,12.10%,7.60%
2022,Yunnan,6741,1268,,0.64,309.86,62.43,377.05,,4017,3282.91,464.53,81.70%,11.60%,6.70%
1991,Zhejiang,139,37.06,,76.63,112.3,3.29,115.15,,242.32,58.83,183.32,24.30%,75.70%,0.10%
1995,Zhejiang,125.27,57,,78.33,124.15,32.31,201.52,,401,78.25,300.67,19.50%,75.00%,5.50%
1996,Zhejiang,123,57.53,,79.79,138.27,45.41,200.49,,448.36,52.25,373.5,11.70%,83.30%,5.00%
1997,Zhejiang,115,53.84,,77.07,128.41,58,220.31,,485.77,61.39,404.18,12.60%,83.20%,4.20%
1998,Zhejiang,92,52,,75.02,137.14,63.7,239.8,,492.11,75.9,404.51,15.40%,82.20%,2.40%
1999,Zhejiang,83,59.92,,63.59,144.94,82.93,282.53,,528.53,81.24,439.9,15.40%,83.20%,1.40%
2000,Zhejiang,72.96,60,,123.4,178.98,107.28,387.4,0.04,625,65.23,539.18,10.40%,86.30%,3.30%
2001,Zhejiang,121.02,59.38,,74.99,174.52,85.35,437.89,0.05,734.94,86.4,614.29,11.80%,83.60%,4.70%
2002,Zhejiang,73.5,60.55,,57.62,198.94,100.4,488.88,0.05,778.2,95.29,630.12,12.20%,81.00%,6.80%
2003,Zhejiang,69.39,58.81,,75.41,245.05,110.31,549.69,,1101.74,125,827.5,11.30%,75.10%,13.50%
2004,Zhejiang,65.32,57.79,,160.89,292.47,130.69,688.46,,1231.9,95.38,915.34,7.70%,74.30%,18.00%
2005,Zhejiang,43.67,55,,109.76,288.69,130.97,728.09,0.03,1456,135.11,1094.64,9.30%,75.20%,15.50%
2006,Zhejiang,18.33,52.29,,192.42,254.94,127.29,749.5,,1766.36,139.76,1403.49,7.90%,79.50%,12.60%
2007,Zhejiang,12.33,52.53,,208.57,259.64,153.78,758.73,,1915.15,118.15,1570.01,6.20%,82.00%,11.90%
2008,Zhejiang,13.12,166.21,,174.37,288.75,129.41,862.33,0.31,1905.09,143.49,1519.53,7.50%,79.80%,12.70%
2009,Zhejiang,13.2,229.69,,113.32,321.32,146.08,825.89,,2246.28,152.67,1840.32,6.80%,81.90%,11.30%
2010,Zhejiang,,282,,134.66,305.1,154.6,832.6,,2568,230.85,2075.47,9.00%,80.80%,10.20%
2011,Zhejiang,,292,,157.8,315.2,162.9,870.9,,2777,161.72,2323.1,5.80%,83.70%,10.50%
2012,Zhejiang,,295,,115.5,284.53,156.2,801.8,,2808,187.01,2258.6,6.70%,80.40%,12.90%
2013,Zhejiang,,296,,104.12,285.1,208.97,769.07,,2942,173.28,2412.8,5.90%,82.00%,12.10%
2014,Zhejiang,,297,,98.85,308.46,218.77,713.93,,2898,176.18,2354.49,6.10%,81.20%,12.70%
2015,Zhejiang,,294,,110.5,333.27,226.26,685.23,,3011,229.06,2259.86,7.60%,75.10%,17.30%
2016,Zhejiang,,228,,108.74,307.69,213.31,630.5,,3198,274.41,2374.01,8.60%,74.20%,17.20%
2017,Zhejiang,,229,,139.63,352.08,246.55,671.51,6.14,3336,204.06,2560.25,6.10%,76.70%,17.10%
2018,Zhejiang,,203,,139.83,338.83,273.34,633.35,,3493,180.02,2595.26,5.20%,74.30%,20.50%
2019,Zhejiang,,209,,483.31,351.7,293.65,641.52,,3538,256.58,2500.95,7.30%,70.70%,22.10%
2020,Zhejiang,,213,,364.41,440.08,524.17,724.41,,3531,209.09,2442.63,5.90%,69.20%,24.90%
2021,Zhejiang,,216,,475.31,878.19,423.63,1042.97,,4222,237.68,3048.54,5.60%,72.20%,22.20%
2022,Zhejiang,,209,,571.67,900.2,207.59,1251.2,,4350,246.44,3062.44,5.70%,70.40%,23.90%
1991,Chongqing,,,,,,,,,167.9,38.22,129.68,22.80%,77.20%,0.00%
1997,Chongqing,2931,132.84,,,0.01,0.06,0.01,24381,148.16,31.38,116.77,21.20%,78.80%,0.00%
1998,Chongqing,2574,125.67,,,,0.04,0.02,29288,158.67,40.14,118.54,25.30%,74.70%,0.00%
1999,Chongqing,1183,135.3,,,,,,2.94,158.27,32.29,125.99,20.40%,79.60%,0.00%
2000,Chongqing,1149.9,136,,,,,,1.94,168,38.22,129.68,22.80%,77.20%,0.10%
2001,Chongqing,1918.46,149.5,,,,0.02,,1.45,204.11,46.19,158.18,22.60%,77.50%,-0.10%
2002,Chongqing,1211.73,136.18,,,,0.04,0.01,1.94,,,,,,
2003,Chongqing,1484.2,153.17,,,,0.04,0.01,2.23,204.11,46.19,158.18,22.60%,77.50%,-0.10%
2004,Chongqing,3654.61,196.62,,0.06,0.01,0.04,0.38,4.69,262.66,93.5,168.99,35.60%,64.30%,0.10%
2005,Chongqing,3618.9,223,,0.06,,0.02,,3.27,254,67.32,185.81,26.50%,73.20%,0.30%
2006,Chongqing,3990,271.12,,,,,,6.47,291.3,56.43,234.87,19.40%,80.60%,0.00%
2007,Chongqing,4293.63,284.34,,,,,,5,374.55,83.75,290.69,22.40%,77.60%,0.00%
2008,Chongqing,4666.52,281.55,,0.18,0.83,,,9.54,457.25,171.61,284.88,37.50%,62.30%,0.20%
2009,Chongqing,4290.79,294.21,,,,,0.3,0.6,474.32,165.74,307.59,34.90%,64.80%,0.20%
2010,Chongqing,,359,,,,,0.6,1.2,504,169.25,333.76,33.60%,66.20%,0.20%
2011,Chongqing,,397,,,,,,0.46,582,184.27,393.5,31.70%,67.60%,0.70%
2012,Chongqing,,332,,5.2,,,0.4,0.4,598,244.75,338.8,40.90%,56.70%,2.40%
2013,Chongqing,,349,,,,,0.44,1.7,630,177.32,450.92,28.10%,71.60%,0.30%
2014,Chongqing,3884,267,,,,,,7.78,678,240.2,436.45,35.40%,64.40%,0.20%
2015,Chongqing,3562,218,,,,,,33.32,680,229.44,448.28,33.70%,65.90%,0.30%
2016,Chongqing,2437,134,,,,,,51.75,701,247.18,449.37,35.30%,64.10%,0.60%
2017,Chongqing,1194,174,,,,,,60.7,738,261.71,467.58,35.50%,63.40%,1.20%
2018,Chongqing,1177,251,,,,,,61.17,812,257.85,543.42,31.80%,66.90%,1.30%
2019,Chongqing,1171,259,,,,,,72.74,812,242.27,554.93,29.80%,68.30%,1.80%
2020,Chongqing,939,280,,,,,,79.96,841,281,541.49,33.40%,64.40%,2.20%
2021,Chongqing,,286,,,,,,87.11,991,282.78,681.21,28.50%,68.70%,2.70%
2022,Chongqing,,313,,,,,,88.42,998,203.11,755.15,20.40%,75.70%,4.00%
